timestamp,open_interest_norm,oi_change,funding_rate
2023-12-15 14:45:44.423265,1.0248357076505616,0.003916905101953631,0.0
2023-12-16 14:45:44.423265,0.9937726559976822,-0.01956745555230064,0.0
2023-12-17 14:45:44.423265,1.0337561690175177,0.008165055114289436,0.0
2023-12-18 14:45:44.423265,1.0782091059891254,-0.03405167208475681,0.0
2023-12-19 14:45:44.423265,0.9910358154887988,0.020583112746512873,0.0
2023-12-20 14:45:44.423265,0.991722507433748,0.009451949648260861,0.0
2023-12-21 14:45:44.423265,1.0830758671128182,0.005120594686277513,0.0
2023-12-22 14:45:44.423265,1.0431728338513353,0.019653819678910278,0.0
2023-12-23 14:45:44.423265,0.9820132491531838,0.03330948888925153,0.0
2023-12-24 14:45:44.423265,1.0333008416854712,0.02028740130036261,0.0
2023-12-25 14:45:44.423265,0.9836878259217912,-0.03681748462663291,0.0
2023-12-26 14:45:44.423265,0.9842580939401429,-0.02559153933471403,0.0
2023-12-27 14:45:44.423265,1.0203285662531987,-0.012496371553913577,0.0
2023-12-28 14:45:44.423265,0.9132523114982487,0.0005218210042166757,0.0
2023-12-29 14:45:44.423265,0.9233563031617283,0.01035318040938246,0.0
2023-12-30 14:45:44.423265,0.9821736893815727,-0.014514876263069312,0.0
2023-12-31 14:45:44.423265,0.9603323808831415,0.0037353352895415667,0.0
2024-01-01 14:45:44.423265,1.027372174585868,-0.015107658647066452,0.0
2024-01-02 14:45:44.423265,0.9669444752362851,-0.012230356059838965,0.0
2024-01-03 14:45:44.423265,0.9424163650018225,-0.028133221936964447,0.0
2024-01-04 14:45:44.423265,1.086999859570906,-0.018464664922218085,0.0
2024-01-05 14:45:44.423265,1.003114477156743,-0.027033692112326674,0.0
2024-01-06 14:45:44.423265,1.0184655734717076,-0.019517465059546654,0.0
2024-01-07 14:45:44.423265,0.9445376249828799,0.02107283593215679,0.0
2024-01-08 14:45:44.423265,0.9892417691235351,-0.01898797777663886,0.0
2024-01-09 14:45:44.423265,1.022692905891529,0.052647641296747816,0.0
2024-01-10 14:45:44.423265,0.9602829685911619,0.009866358017617784,0.0
2024-01-11 14:45:44.423265,1.0373034194358022,0.003696722473897478,0.0
2024-01-12 14:45:44.423265,0.9891724550788198,-0.017167155603624272,0.0
2024-01-13 14:45:44.423265,1.0053055731413376,0.014006197588179828,0.0
2024-01-14 14:45:44.423265,0.9904908010757729,-0.01151275652475548,0.0
2024-01-15 14:45:44.423265,1.1138759119689312,0.002440196292907229,0.0
2024-01-16 14:45:44.423265,1.0212730125628289,0.051201690765375896,0.0
2024-01-17 14:45:44.423265,0.9697481984081721,-0.0019211979944929974,0.0
2024-01-18 14:45:44.423265,1.064446861517368,0.022985466525713517,0.0
2024-01-19 14:45:44.423265,0.9629633044698989,-0.014063528502517748,0.0
2024-01-20 14:45:44.423265,1.0351345377749293,-0.000699769809939234,0.0
2024-01-21 14:45:44.423265,0.9273937228869439,0.0354160127127102,0.0
2024-01-22 14:45:44.423265,0.9596537976922528,-0.012539341155755349,0.0
2024-01-23 14:45:44.423265,1.0365920329868719,0.036248971159938574,0.0
2024-01-24 14:45:44.423265,1.0643581712494277,0.014155038709109509,0.0
2024-01-25 14:45:44.423265,1.036689127365397,-0.011249335517885354,0.0
2024-01-26 14:45:44.423265,1.0230241702427278,0.01264815478111042,0.0
2024-01-27 14:45:44.423265,1.0144372706389169,0.019451088992534598,0.0
2024-01-28 14:45:44.423265,0.9562522269562513,0.012436199244343929,0.0
2024-01-29 14:45:44.423265,0.9948719871111288,-0.03140449439780913,0.0
2024-01-30 14:45:44.423265,1.0085181300391162,-0.014542743516497371,0.0
2024-01-31 14:45:44.423265,1.0850920509542927,-0.004950372711030095,0.0
2024-02-01 14:45:44.423265,1.0501027251780117,-0.0014886685820009258,0.0
2024-02-02 14:45:44.423265,0.9454556739876931,0.01241344195101356,0.0
2024-02-03 14:45:44.423265,1.0504977512818112,0.0035540200186650766,0.0
2024-02-04 14:45:44.423265,1.0157253098474968,-0.026706887174202026,0.0
2024-02-05 14:45:44.423265,1.0018191949092563,0.0076039570201192645,0.0
2024-02-06 14:45:44.423265,1.066934980422839,0.012211714905676463,0.0
2024-02-07 14:45:44.423265,1.0885870131618345,0.011195808958620797,0.0
2024-02-08 14:45:44.423265,1.0842869140490883,0.021615614511092437,0.0
2024-02-09 14:45:44.423265,0.9964479029883879,0.01667844309097808,0.0
2024-02-10 14:45:44.423265,1.0236340314132006,0.009183601584568733,0.0
2024-02-11 14:45:44.423265,1.0563436928321808,-0.0014033142291729405,0.0
2024-02-12 14:45:44.423265,1.0892436486743622,-0.03321921867031983,0.0
2024-02-13 14:45:44.423265,1.0171935514822212,0.008592364382651718,0.0
2024-02-14 14:45:44.423265,1.0325551855975361,0.004153753743262223,0.0
2024-02-15 14:45:44.423265,0.987207256786667,0.005431576743907469,0.0
2024-02-16 14:45:44.423265,0.9833995453391764,-0.02553497151640619,0.0
2024-02-17 14:45:44.423265,1.0845220387191612,-0.02162113080816525,0.0
2024-02-18 14:45:44.423265,1.1123936200842337,0.02106305706665807,0.0
2024-02-19 14:45:44.423265,1.0416669836329175,-0.0007911030771331008,0.0
2024-02-20 14:45:44.423265,1.0961300056627767,0.013630013947452488,0.0
2024-02-21 14:45:44.423265,1.0647210330767987,0.0005663675226092235,0.0
2024-02-22 14:45:44.423265,1.015069115150402,0.0005951227899149038,0.0
2024-02-23 14:45:44.423265,1.0660807542123205,0.018765676119519955,0.0
2024-02-24 14:45:44.423265,1.1255986733164396,-0.010320894564347479,0.0
2024-02-25 14:45:44.423265,1.0475914140938851,0.0019224155388196673,0.0
2024-02-26 14:45:44.423265,1.1283007698963246,-0.00924550577410085,0.0
2024-02-27 14:45:44.423265,0.9197672029573783,-0.008689924548646312,0.0
2024-02-28 14:45:44.423265,1.0925354544368682,-0.006183442469372788,0.0
2024-02-29 14:45:44.423265,1.0564785536862569,0.004442675432674257,0.0
2024-03-01 14:45:44.423265,1.0378617038072966,-0.009574972433269546,0.0
2024-03-02 14:45:44.423265,1.0580859812136063,0.025115122511470415,0.0
2024-03-03 14:45:44.423265,0.954805367713028,-0.01789214604439008,0.0
2024-03-04 14:45:44.423265,1.0438860901074385,-0.003737432883227181,0.0
2024-03-05 14:45:44.423265,1.073411184131143,-0.0087946211654835,0.0
2024-03-06 14:45:44.423265,1.1301361288488727,0.02893955768707466,0.0
2024-03-07 14:45:44.423265,1.031013786754356,0.003931095530231492,0.0
2024-03-08 14:45:44.423265,1.0171884885796205,0.020636890789372697,0.0
2024-03-09 14:45:44.423265,1.0332111876012944,-0.02971120746073944,0.0
2024-03-10 14:45:44.423265,1.1047550167218663,0.0053410053173851765,0.0
2024-03-11 14:45:44.423265,1.0761083373759885,0.01779261591246874,0.0
2024-03-12 14:45:44.423265,1.0338686427608936,0.0016456797855084837,0.0
2024-03-13 14:45:44.423265,1.0867058956611548,0.021309607501307025,0.0
2024-03-14 14:45:44.423265,1.0665822725291303,-0.010345769002007444,0.0
2024-03-15 14:45:44.423265,1.1108465156446141,0.028186948803711597,0.0
2024-03-16 14:45:44.423265,1.0279974824803437,0.045977962472385,0.0
2024-03-17 14:45:44.423265,1.047402900900564,-0.007256771208793181,0.0
2024-03-18 14:45:44.423265,1.0448664716300862,-0.008910050428015437,0.0
2024-03-19 14:45:44.423265,0.9919820029363297,0.02906768954235402,0.0
2024-03-20 14:45:44.423265,1.0806496352524055,0.03159144291461425,0.0
2024-03-21 14:45:44.423265,1.0795822560644128,-0.010457200543065367,0.0
2024-03-22 14:45:44.423265,1.067471036343783,-0.008403736341917146,0.0
2024-03-23 14:45:44.423265,1.056171877899144,-0.0056356921772101444,0.0
2024-03-24 14:45:44.423265,0.997818568521622,-0.02688901022068554,0.0
2024-03-25 14:45:44.423265,1.048240710542116,-0.018373038929683966,0.0
2024-03-26 14:45:44.423265,1.052823121910287,-0.020082815335041356,0.0
2024-03-27 14:45:44.423265,1.030530855331786,-0.015355951302082569,0.0
2024-03-28 14:45:44.423265,1.063266304265808,-0.0006936977477356236,0.0
2024-03-29 14:45:44.423265,1.0922190037460766,0.004684294650730415,0.0
2024-03-30 14:45:44.423265,1.1670116270221178,0.031010009856281537,0.0
2024-03-31 14:45:44.423265,1.0821170936594244,-0.01996708081477582,0.0
2024-04-01 14:45:44.423265,1.0869515936102123,0.019686447969531676,0.0
2024-04-02 14:45:44.423265,1.071037649342007,-0.004279776884510179,0.0
2024-04-03 14:45:44.423265,0.9795072554216048,-0.000989274193048659,0.0
2024-04-04 14:45:44.423265,1.0748059934703373,0.013496389843332075,0.0
2024-04-05 14:45:44.423265,1.079829068796091,-0.022454440431245972,0.0
2024-04-06 14:45:44.423265,1.2006655349795454,0.007648194923681012,0.0
2024-04-07 14:45:44.423265,1.0685712521724666,0.003329044164261122,0.0
2024-04-08 14:45:44.423265,1.0939525385844449,0.009849025280162982,0.0
2024-04-09 14:45:44.423265,1.0778254540387433,0.005783372878156362,0.0
2024-04-10 14:45:44.423265,1.0218130116992703,0.04910600279821788,0.0
2024-04-11 14:45:44.423265,1.1380739253622394,-0.01275479968502632,0.0
2024-04-12 14:45:44.423265,1.1192153073270683,-0.010619939100036353,0.0
2024-04-13 14:45:44.423265,1.1218561241011236,-0.012462810528495287,0.0
2024-04-14 14:45:44.423265,1.0375210250654756,-0.011109542383205093,0.0
2024-04-15 14:45:44.423265,1.153815984408259,-0.012747742546130354,0.0
2024-04-16 14:45:44.423265,1.0142695867780813,0.023780330622151038,0.0
2024-04-17 14:45:44.423265,1.1143908656639503,0.028410084959797098,0.0
2024-04-18 14:45:44.423265,1.1952566633206774,-0.011414925874989526,0.0
2024-04-19 14:45:44.423265,1.0368929368298854,-0.016647111462084575,0.0
2024-04-20 14:45:44.423265,1.0587907376625225,0.009428311127728082,0.0
2024-04-21 14:45:44.423265,1.0927740634532848,-0.011044460885619426,0.0
2024-04-22 14:45:44.423265,1.063303583549334,0.012658636355110216,0.0
2024-04-23 14:45:44.423265,1.0116300657580788,0.004058460417025994,0.0
2024-04-24 14:45:44.423265,1.0932772571079283,-0.03031488229994464,0.0
2024-04-25 14:45:44.423265,1.037419793737563,0.030950104026601234,0.0
2024-04-26 14:45:44.423265,1.1149004720118687,0.03591755346191044,0.0
2024-04-27 14:45:44.423265,1.045935509824661,-0.012255773809687724,0.0
2024-04-28 14:45:44.423265,1.1700893128434695,-0.007754031198719683,0.0
2024-04-29 14:45:44.423265,1.054115799032022,0.0057173078144981,0.0
2024-04-30 14:45:44.423265,1.0778612588947918,0.0066891357997405,0.0
2024-05-01 14:45:44.423265,1.1353260666298004,0.01317088545345661,0.0
2024-05-02 14:45:44.423265,1.0337928609958607,0.040204090775326995,0.0
2024-05-03 14:45:44.423265,1.1073949446040063,-0.003538944549880988,0.0
2024-05-04 14:45:44.423265,1.1620649566441623,-0.015965944890769076,0.0
2024-05-05 14:45:44.423265,1.017019528258221,-0.027586384560290545,0.0
2024-05-06 14:45:44.423265,1.1073112539691394,-0.014618600798838382,0.0
2024-05-07 14:45:44.423265,1.1117595718111866,-0.0006625394574759419,0.0
2024-05-08 14:45:44.423265,1.1385424467438725,0.03589115727035575,0.0
2024-05-09 14:45:44.423265,1.0382896386673444,-0.01035222598072343,0.0
2024-05-10 14:45:44.423265,1.034800214613276,0.00447575903277797,0.0
2024-05-11 14:45:44.423265,1.127605994604576,-0.0003284579214550415,0.0
2024-05-12 14:45:44.423265,1.1170440210416317,0.02376786546896168,0.0
2024-05-13 14:45:44.423265,1.1154053009535079,0.05053864851747243,0.0
2024-05-14 14:45:44.423265,1.1208889399673043,-0.010617375458406414,0.0
2024-05-15 14:45:44.423265,1.0702511644697723,-0.009788788850364443,0.0
2024-05-16 14:45:44.423265,1.1165509564629883,0.020883217541381442,0.0
2024-05-17 14:45:44.423265,1.1202777663261139,0.01363782979252623,0.0
2024-05-18 14:45:44.423265,1.0705924428161027,0.03693414651472067,0.0
2024-05-19 14:45:44.423265,1.2002846103309004,0.011678563706519278,0.0
2024-05-20 14:45:44.423265,1.1313734018754935,-0.007185841815741191,0.0
2024-05-21 14:45:44.423265,1.0488024520260129,0.011813096613846186,0.0
2024-05-22 14:45:44.423265,1.1418811783740783,0.022174071611658155,0.0
2024-05-23 14:45:44.423265,1.061005285487262,0.01640964362394728,0.0
2024-05-24 14:45:44.423265,1.1497794702419923,0.010145480622145955,0.0
2024-05-25 14:45:44.423265,1.1690408900614815,0.02133349379178308,0.0
2024-05-26 14:45:44.423265,1.070762866249767,0.023385911808913456,0.0
2024-05-27 14:45:44.423265,1.16065165968581,0.027643179820750544,0.0
2024-05-28 14:45:44.423265,1.1338077706266603,0.012974197751792853,0.0
2024-05-29 14:45:44.423265,1.154957603335801,-0.003342361606337087,0.0
2024-05-30 14:45:44.423265,1.2093801155250157,0.002934273728666457,0.0
2024-05-31 14:45:44.423265,1.1029569316484162,0.02413017933016714,0.0
2024-06-01 14:45:44.423265,1.0782254002869265,-0.016338713419744723,0.0
2024-06-02 14:45:44.423265,1.0721223580797663,0.0073734661774580235,0.0
2024-06-03 14:45:44.423265,1.0764934363690122,-0.007866776246547214,0.0
2024-06-04 14:45:44.423265,1.11411473620282,0.0005748964586963498,0.0
2024-06-05 14:45:44.423265,1.135713291470599,0.025569037252145974,0.0
2024-06-06 14:45:44.423265,1.1331761037525094,0.0038219813603980668,0.0
2024-06-07 14:45:44.423265,1.161386597294051,0.0009287309631229762,0.0
2024-06-08 14:45:44.423265,1.1213634004923865,-0.027197122819598386,0.0
2024-06-09 14:45:44.423265,1.1940758808125982,0.014925071320544414,0.0
2024-06-10 14:45:44.423265,1.108852206349076,0.012909683622821508,0.0
2024-06-11 14:45:44.423265,1.2587793773966964,0.043265094466109204,0.0
2024-06-12 14:45:44.423265,1.154740157511707,-0.006155564699060017,0.0
2024-06-13 14:45:44.423265,1.0812847833588841,0.00438300655327878,0.0
2024-06-14 14:45:44.423265,1.0712839073328841,0.004987673674215105,0.0
2024-06-15 14:45:44.423265,1.1496380240543405,0.03154906559526949,0.0
2024-06-16 14:45:44.423265,1.11502713508213,-0.001905910647739042,0.0
2024-06-17 14:45:44.423265,1.1625861701092686,0.005580430515406785,0.0
2024-06-18 14:45:44.423265,1.1512338976895826,0.012157930194330785,0.0
2024-06-19 14:45:44.423265,1.124616441884303,0.003732182463127162,0.0
2024-06-20 14:45:44.423265,1.086604072669968,-0.008928672291010565,0.0
2024-06-21 14:45:44.423265,1.0538872683953364,0.0038817998579661517,0.0
2024-06-22 14:45:44.423265,1.10798975308252,0.02147263499719544,0.0
2024-06-23 14:45:44.423265,1.173821311458286,-0.020530305988221205,0.0
2024-06-24 14:45:44.423265,1.1423919300048642,0.0026593934829375197,0.0
2024-06-25 14:45:44.423265,1.070086174918996,-0.014002416298783465,0.0
2024-06-26 14:45:44.423265,1.1417180312033959,0.02390093257849685,0.0
2024-06-27 14:45:44.423265,1.15301072495352,-0.030463738095675496,0.0
2024-06-28 14:45:44.423265,1.090237855213263,-0.011178436945431768,0.0
2024-06-29 14:45:44.423265,1.1428028533768375,0.007544237501290418,0.0
2024-06-30 14:45:44.423265,1.1387129050581026,0.03131048058468681,0.0
2024-07-01 14:45:44.423265,1.0793398253005126,-0.001315005221459756,0.0
2024-07-02 14:45:44.423265,1.1550635792656994,-0.011103990533863968,0.0
2024-07-03 14:45:44.423265,1.1658993086229386,0.0376231413888118,0.0
2024-07-04 14:45:44.423265,1.192698515519532,-0.02896027800832488,0.0
2024-07-05 14:45:44.423265,1.1919219270187547,-0.04397611913240164,0.0
2024-07-06 14:45:44.423265,1.0710342270753965,0.008800289001066648,0.0
2024-07-07 14:45:44.423265,1.0937123145337362,-0.010041084487052224,0.0
2024-07-08 14:45:44.423265,1.167041200946167,-0.020424656342614266,0.0
2024-07-09 14:45:44.423265,1.167664606187586,0.014167128945987068,0.0
2024-07-10 14:45:44.423265,1.1684135640135191,0.004876014275423977,0.0
2024-07-11 14:45:44.423265,1.3359836252871942,-0.011281572614734567,0.0
2024-07-12 14:45:44.423265,1.1725774473453578,-0.025606087973417888,0.0
2024-07-13 14:45:44.423265,1.2014970748759708,0.017449146565602893,0.0
2024-07-14 14:45:44.423265,1.1931047520978426,0.01300402355917322,0.0
2024-07-15 14:45:44.423265,1.178660097544714,-0.0019835172755876583,0.0
2024-07-16 14:45:44.423265,1.131012943803648,0.03693273992095332,0.0
2024-07-17 14:45:44.423265,1.1854107381165702,-0.021401695326523053,0.0
2024-07-18 14:45:44.423265,1.1095068874212695,-0.03051050341849478,0.0
2024-07-19 14:45:44.423265,1.1369930888673891,-0.01383816139762489,0.0
2024-07-20 14:45:44.423265,1.125251712869176,-0.0009117203271099561,0.0
2024-07-21 14:45:44.423265,1.1542994682861887,0.0048667889864538365,0.0
2024-07-22 14:45:44.423265,1.2666245607067892,-0.004824721157126598,0.0
2024-07-23 14:45:44.423265,1.058214243799768,0.007041107930285936,0.0
2024-07-24 14:45:44.423265,1.1865763840043222,-0.02503078848380888,0.0
2024-07-25 14:45:44.423265,1.0723134519823556,0.02887529208146519,0.0
2024-07-26 14:45:44.423265,1.130038523308608,-0.0016430235678513761,0.0
2024-07-27 14:45:44.423265,1.2087685175026894,0.022345916631762552,0.0
2024-07-28 14:45:44.423265,1.1582208596653356,0.006854506927554083,0.0
2024-07-29 14:45:44.423265,1.1018054908703385,0.009135064383075679,0.0
2024-07-30 14:45:44.423265,1.1206134153600469,0.011395345604644079,0.0
2024-07-31 14:45:44.423265,1.1910443593260205,0.008954171200346299,0.0
2024-08-01 14:45:44.423265,1.1212320113496712,0.012854455197350878,0.0
2024-08-02 14:45:44.423265,1.1692591434708683,0.02658305060264863,0.0
2024-08-03 14:45:44.423265,1.1614006770432017,0.003930423394029403,0.0
2024-08-04 14:45:44.423265,1.1272279387239617,0.014180075151770246,0.0
2024-08-05 14:45:44.423265,1.2676910316267602,-0.0017947138857445344,0.0
2024-08-06 14:45:44.423265,1.1928756493326358,0.028802344308989456,0.0
2024-08-07 14:45:44.423265,1.0606084399400963,-0.013527846041185395,0.0
2024-08-08 14:45:44.423265,1.1718741560676895,0.036018808658216314,0.0
2024-08-09 14:45:44.423265,1.1301479881470402,-0.0008031590128868682,0.0
2024-08-10 14:45:44.423265,1.206544849181512,-0.028615502042360963,0.0
2024-08-11 14:45:44.423265,1.1249830165763073,0.0025620882982157855,0.0
2024-08-12 14:45:44.423265,1.1595581024808388,-0.013621033149497617,0.0
2024-08-13 14:45:44.423265,1.191230159559448,0.01681287097977448,0.0
2024-08-14 14:45:44.423265,1.209954426375173,-0.013052479586047818,0.0
2024-08-15 14:45:44.423265,1.107337717370119,-0.008923668664295595,0.0
2024-08-16 14:45:44.423265,1.151313346987102,-0.03779081461891062,0.0
2024-08-17 14:45:44.423265,1.1449770142773432,-0.009046126384981534,0.0
2024-08-18 14:45:44.423265,1.1367436892629466,-0.04847758653257914,0.0
2024-08-19 14:45:44.423265,1.2583687339619285,-0.031678056469714465,0.0
2024-08-20 14:45:44.423265,1.1910309785521629,0.015208293122885947,0.0
2024-08-21 14:45:44.423265,1.1084235663436044,0.015716003173016645,0.0
2024-08-22 14:45:44.423265,1.218046732469337,0.008509151235699295,0.0
2024-08-23 14:45:44.423265,1.2789473160234714,-0.01933952286258426,0.0
2024-08-24 14:45:44.423265,1.2251486402566383,-0.0009542271228395971,0.0
2024-08-25 14:45:44.423265,1.0982427499876217,-7.205078181136809e-05,0.0
2024-08-26 14:45:44.423265,1.1506854156982513,-0.023167293783850854,0.0
2024-08-27 14:45:44.423265,1.2389285478571364,0.03006796603534301,0.0
2024-08-28 14:45:44.423265,1.1408853881731076,0.01754724581151343,0.0
2024-08-29 14:45:44.423265,1.1991457039175994,-0.004419283476593279,0.0
2024-08-30 14:45:44.423265,1.2163723062379963,0.0005377167798906156,0.0
2024-08-31 14:45:44.423265,1.1319799510438666,0.00416765615895105,0.0
2024-09-01 14:45:44.423265,1.1760360778759222,-0.040834697368485814,0.0
2024-09-02 14:45:44.423265,1.0176348497318002,-0.004943547650411938,0.0
2024-09-03 14:45:44.423265,1.129164705724781,-0.013639684959955971,0.0
2024-09-04 14:45:44.423265,1.1684415512780786,-0.02003240019789831,0.0
2024-09-05 14:45:44.423265,1.1193666708057355,-0.005622005857719098,0.0
2024-09-06 14:45:44.423265,1.2640622661568013,0.035953730536990455,0.0
2024-09-07 14:45:44.423265,1.1116205031184292,0.012816857225340197,0.0
2024-09-08 14:45:44.423265,1.1618112187378533,-0.011423579795655937,0.0
2024-09-09 14:45:44.423265,1.1910363429932482,0.011451655627123173,0.0
2024-09-10 14:45:44.423265,1.2572488496384908,0.027987108731720042,0.0
2024-09-11 14:45:44.423265,1.1140779486824548,0.01849267365825538,0.0
2024-09-12 14:45:44.423265,1.244715114905416,0.0011926073984034826,0.0
2024-09-13 14:45:44.423265,1.1877544514048888,-0.012938735554111479,0.0
2024-09-14 14:45:44.423265,1.1388532368577535,0.013964466272271799,0.0
2024-09-15 14:45:44.423265,1.211719714179556,0.007869707708434991,0.0
2024-09-16 14:45:44.423265,1.1992533963013072,0.017903864400554647,0.0
2024-09-17 14:45:44.423265,1.1599754387209353,0.01270343603363939,0.0
2024-09-18 14:45:44.423265,1.1941622578846176,0.020991054306386703,0.0
2024-09-19 14:45:44.423265,1.17209234484827,-0.01070470423121136,0.0
2024-09-20 14:45:44.423265,1.197719763010162,0.026347881312686516,0.0
2024-09-21 14:45:44.423265,1.2258363005298931,0.003951992093847993,0.0
2024-09-22 14:45:44.423265,1.2727164786673502,0.04150521745250531,0.0
2024-09-23 14:45:44.423265,1.1322107339749814,-0.013783756361791357,0.0
2024-09-24 14:45:44.423265,1.3014390487053786,0.03471927606330499,0.0
2024-09-25 14:45:44.423265,1.0978688610526817,0.003958215669252956,0.0
2024-09-26 14:45:44.423265,1.188569867333269,-0.013028360072288967,0.0
2024-09-27 14:45:44.423265,1.2262608534655182,-0.009677716681086431,0.0
2024-09-28 14:45:44.423265,1.2115804575842823,-0.006406946163886404,0.0
2024-09-29 14:45:44.423265,1.1670817592627425,0.008483318928038329,0.0
2024-09-30 14:45:44.423265,1.18849649379215,0.010456709760709993,0.0
2024-10-01 14:45:44.423265,1.1749384306333135,-0.011474000078771581,0.0
2024-10-02 14:45:44.423265,1.1708061105752858,-0.00048709184521965684,0.0
2024-10-03 14:45:44.423265,1.2434403243297893,0.042845407172237275,0.0
2024-10-04 14:45:44.423265,1.2194968648332316,0.03455086340201423,0.0
2024-10-05 14:45:44.423265,1.1676864818281882,0.008726473393480642,0.0
2024-10-06 14:45:44.423265,1.247997826419125,0.0007600695633640058,0.0
2024-10-07 14:45:44.423265,1.219068679747534,0.002400626534365226,0.0
2024-10-08 14:45:44.423265,1.245032680701893,0.012270359454608333,0.0
2024-10-09 14:45:44.423265,1.2365568879123672,-0.02045585130396811,0.0
2024-10-10 14:45:44.423265,1.1643115663263242,-0.005147530748466902,0.0
2024-10-11 14:45:44.423265,1.178438135918821,-0.03337168147755179,0.0
2024-10-12 14:45:44.423265,1.244497739241074,0.007984462452105585,0.0
2024-10-13 14:45:44.423265,1.2383374433128254,0.01294391879405482,0.0
2024-10-14 14:45:44.423265,1.2074597213991864,-0.00966372924598748,0.0
2024-10-15 14:45:44.423265,1.2150570413190742,0.031479735265800654,0.0
2024-10-16 14:45:44.423265,1.273759787999298,-0.024515313260046825,0.0
2024-10-17 14:45:44.423265,1.1809838448243266,-0.029287497604196404,0.0
2024-10-18 14:45:44.423265,1.2386031543808613,0.004489036371199441,0.0
2024-10-19 14:45:44.423265,1.201824523756906,0.02094196605224309,0.0
2024-10-20 14:45:44.423265,1.2017359672734813,0.033678553829157375,0.0
2024-10-21 14:45:44.423265,1.2682447410904432,-0.0091776852573788,0.0
2024-10-22 14:45:44.423265,1.2552625869967264,0.021573616668625912,0.0
2024-10-23 14:45:44.423265,1.2553531224035985,-0.0007701693900141442,0.0
2024-10-24 14:45:44.423265,1.2806374520175245,-0.0034525459988163924,0.0
2024-10-25 14:45:44.423265,1.2170995747976874,0.017673198749733447,0.0
2024-10-26 14:45:44.423265,1.250832902337039,0.013046457568268393,0.0
2024-10-27 14:45:44.423265,1.2019077869988595,-0.031527843139684986,0.0
2024-10-28 14:45:44.423265,1.2343153135091958,0.029530806994517916,0.0
2024-10-29 14:45:44.423265,1.2122857142226307,0.027601827082949032,0.0
2024-10-30 14:45:44.423265,1.2243285362468925,-0.012511254030190589,0.0
2024-10-31 14:45:44.423265,1.2499224603253436,0.00791607066874818,0.0
2024-11-01 14:45:44.423265,1.1799394459480657,0.009880603725654776,0.0
2024-11-02 14:45:44.423265,1.3261557149502536,0.005213475316478143,0.0
2024-11-03 14:45:44.423265,1.1719213531472372,-0.011006103076908403,0.0
2024-11-04 14:45:44.423265,1.162198662639077,-0.013432467358761031,0.0
2024-11-05 14:45:44.423265,1.2814995080097085,-0.0005110814198289056,0.0
2024-11-06 14:45:44.423265,1.2638629700890933,0.023454580385187294,0.0
2024-11-07 14:45:44.423265,1.2561716972997956,0.010872003091888648,0.0
2024-11-08 14:45:44.423265,1.2570688529666434,-0.007412286641722119,0.0
2024-11-09 14:45:44.423265,1.225725109917325,0.015433974212966895,0.0
2024-11-10 14:45:44.423265,1.1821606010416208,-0.05697085241260151,0.0
2024-11-11 14:45:44.423265,1.23149941858184,0.022975314007442068,0.0
2024-11-12 14:45:44.423265,1.1945369761527893,-0.03479427557556199,0.0
2024-11-13 14:45:44.423265,1.277836919455524,-0.007248818828062643,0.0
2024-11-14 14:45:44.423265,1.2224139347657712,-0.022393397892522877,0.0
2024-11-15 14:45:44.423265,1.1891778150574936,-0.025893629514418117,0.0
2024-11-16 14:45:44.423265,1.215069253870711,0.023216535747570387,0.0
2024-11-17 14:45:44.423265,1.2524709897233832,-0.009354024026237827,0.0
2024-11-18 14:45:44.423265,1.2043240604256449,0.006930077634614316,0.0
2024-11-19 14:45:44.423265,1.1920851393437637,-0.0009384115775836814,0.0
2024-11-20 14:45:44.423265,1.2460663907529224,0.009540816544462429,0.0
2024-11-21 14:45:44.423265,1.246816229790004,0.0015364378212051073,0.0
2024-11-22 14:45:44.423265,1.2099066135222527,-0.025659844483771392,0.0
2024-11-23 14:45:44.423265,1.2123877280661344,0.0199253363889428,0.0
2024-11-24 14:45:44.423265,1.2482280112711739,-0.00987513166322625,0.0
2024-11-25 14:45:44.423265,1.1649071683846675,-0.03113163797319502,0.0
2024-11-26 14:45:44.423265,1.1676240677969472,-0.00856230321931825,0.0
2024-11-27 14:45:44.423265,1.2027609165093947,0.03001519581268622,0.0
2024-11-28 14:45:44.423265,1.2286966410426656,0.017004434842269857,0.0
2024-11-29 14:45:44.423265,1.2556002479643995,-0.006973042688157184,0.0
2024-11-30 14:45:44.423265,1.3145085515882184,-0.006985154086368576,0.0
2024-12-01 14:45:44.423265,1.2843095929570831,-0.006432701024347652,0.0
2024-12-02 14:45:44.423265,1.2341155563550523,0.04153495967121682,0.0
2024-12-03 14:45:44.423265,1.2418475435143306,0.007638709044631067,0.0
2024-12-04 14:45:44.423265,1.1933577567338158,0.008600832943821394,0.0
2024-12-05 14:45:44.423265,1.2432444392223285,0.020605669080636844,0.0
2024-12-06 14:45:44.423265,1.2304230351321823,0.00477578318053027,0.0
2024-12-07 14:45:44.423265,1.2616777661513352,-0.005180842916414062,0.0
2024-12-08 14:45:44.423265,1.204866162013056,-0.003926996981699566,0.0
2024-12-09 14:45:44.423265,1.2728809059589723,-0.001432025188281279,0.0
2024-12-10 14:45:44.423265,1.3242363969532838,-0.0007444447301968318,0.0
2024-12-11 14:45:44.423265,1.2428473149365535,0.014552590872739597,0.0
2024-12-12 14:45:44.423265,1.2690567795205852,0.0010389177161459887,0.0
2024-12-13 14:45:44.423265,1.284164264057435,0.014652801544311585,0.0
2024-12-14 14:45:44.423265,1.2302819119338289,-0.0016143316021716464,0.0
2024-12-15 14:45:44.423265,1.2622334306748828,0.0015727038063218118,0.0
2024-12-16 14:45:44.423265,1.2523442976796932,-0.039964013690642154,0.0
2024-12-17 14:45:44.423265,1.2572843536242866,0.01832655349404963,0.0
2024-12-18 14:45:44.423265,1.214435930560313,0.006929769517959854,0.0
2024-12-19 14:45:44.423265,1.254997799522275,0.019960202197193046,0.0
2024-12-20 14:45:44.423265,1.2793580764278418,-0.057925107563873784,0.0
2024-12-21 14:45:44.423265,1.3277012133115629,0.04176749409561455,0.0
2024-12-22 14:45:44.423265,1.3037934452823123,-0.0027917925631034753,0.0
2024-12-23 14:45:44.423265,1.3641748979098716,0.022163656334750332,0.0
2024-12-24 14:45:44.423265,1.2188342679461324,-0.020798118542510617,0.0
2024-12-25 14:45:44.423265,1.3015035489828102,0.012255478101251395,0.0
2024-12-26 14:45:44.423265,1.2677404884899355,-0.021068311263473125,0.0
2024-12-27 14:45:44.423265,1.3687494059201428,-0.012475379213916102,0.0
2024-12-28 14:45:44.423265,1.219530216047743,0.038280627077335726,0.0
2024-12-29 14:45:44.423265,1.2186449092627034,-0.0038136480152669316,0.0
2024-12-30 14:45:44.423265,1.2313472401557826,0.004348657463594458,0.0
2024-12-31 14:45:44.423265,1.1558079572687348,0.017401354613775084,0.0
2025-01-01 14:45:44.423265,1.2364008634564283,0.009913637759452093,0.0
2025-01-02 14:45:44.423265,1.225417852519023,0.0030083781028715285,0.0
2025-01-03 14:45:44.423265,1.2715800459767597,0.007299220049324508,0.0
2025-01-04 14:45:44.423265,1.2818340264980486,0.0480683117047655,0.0
2025-01-05 14:45:44.423265,1.3592406407262263,-0.0011523759406717078,0.0
2025-01-06 14:45:44.423265,1.313639161730976,0.00402198093429935,0.0
2025-01-07 14:45:44.423265,1.2379586580947948,0.021013087920152242,0.0
2025-01-08 14:45:44.423265,1.2225689783667386,0.022110518659159677,0.0
2025-01-09 14:45:44.423265,1.2927715415657233,0.023740606111207603,0.0
2025-01-10 14:45:44.423265,1.2028497936956073,0.012774604440583693,0.0
2025-01-11 14:45:44.423265,1.3611202633955983,-0.022860098254609672,0.0
2025-01-12 14:45:44.423265,1.3292052021951863,0.03266863064602192,0.0
2025-01-13 14:45:44.423265,1.2474602846101281,-0.02292690786037376,0.0
2025-01-14 14:45:44.423265,1.1859482118170612,0.006052709304780665,0.0
2025-01-15 14:45:44.423265,1.3399844280361168,-0.015085517000387159,0.0
2025-01-16 14:45:44.423265,1.2672496881214568,-0.0012827669318598509,0.0
2025-01-17 14:45:44.423265,1.335553367039002,0.006575248206069608,0.0
2025-01-18 14:45:44.423265,1.1946270395568523,0.006427144309005462,0.0
2025-01-19 14:45:44.423265,1.2450655424051236,0.008438415084705695,0.0
2025-01-20 14:45:44.423265,1.275982349594963,0.032274225381172944,0.0
2025-01-21 14:45:44.423265,1.278755065353532,0.009070686030279596,0.0
2025-01-22 14:45:44.423265,1.2545886331475742,-0.004883132705812974,0.0
2025-01-23 14:45:44.423265,1.3089202743951525,0.019281743365767146,0.0
2025-01-24 14:45:44.423265,1.2250826273648894,0.023789409778492813,0.0
2025-01-25 14:45:44.423265,1.2720305456391958,-0.02455215630273985,0.0
2025-01-26 14:45:44.423265,1.285850172532097,0.01194800139699716,0.0
2025-01-27 14:45:44.423265,1.3062432037056808,0.014023454846217967,0.0
2025-01-28 14:45:44.423265,1.3167878769634294,-0.005951270067199838,0.0
2025-01-29 14:45:44.423265,1.225660899523333,0.027514136266232392,0.0
2025-01-30 14:45:44.423265,1.2058731666346867,-0.0030011117406505347,0.0
2025-01-31 14:45:44.423265,1.3471485873226348,0.002511529069430845,0.0
2025-02-01 14:45:44.423265,1.30056631788293,-0.0034614364856773924,0.0
2025-02-02 14:45:44.423265,1.2472121615123644,0.0003115809516293507,0.0
2025-02-03 14:45:44.423265,1.3628799581725595,-0.021925501737904037,0.0
2025-02-04 14:45:44.423265,1.291791962167318,-0.028801017651885887,0.0
2025-02-05 14:45:44.423265,1.3456589607121077,0.03189010126449945,0.0
2025-02-06 14:45:44.423265,1.2907558966356634,-0.016939226966366558,0.0
2025-02-07 14:45:44.423265,1.3911032398654986,-0.019827846989126145,0.0
2025-02-08 14:45:44.423265,1.376518756799801,-0.043067802272074296,0.0
2025-02-09 14:45:44.423265,1.2769893783099282,-0.012779234953790044,0.0
2025-02-10 14:45:44.423265,1.3387020043378413,-0.02646179586814997,0.0
2025-02-11 14:45:44.423265,1.3230781253256223,0.032840303202727385,0.0
2025-02-12 14:45:44.423265,1.3599267767792236,0.020196341786852683,0.0
2025-02-13 14:45:44.423265,1.2439348969298425,-0.013763006903554476,0.0
2025-02-14 14:45:44.423265,1.327169514015011,0.045048716106886176,0.0
2025-02-15 14:45:44.423265,1.34647403641381,0.019635309739831887,0.0
2025-02-16 14:45:44.423265,1.2063017088064163,-0.006496627670172449,0.0
2025-02-17 14:45:44.423265,1.2357616285505246,-0.049988114297471464,0.0
2025-02-18 14:45:44.423265,1.1936488163520498,0.045818851451814836,0.0
2025-02-19 14:45:44.423265,1.2828259545740686,-0.02779144933527192,0.0
2025-02-20 14:45:44.423265,1.3328592801423356,-0.032907974939137837,0.0
2025-02-21 14:45:44.423265,1.3727858910135806,0.020451408640192806,0.0
2025-02-22 14:45:44.423265,1.3020586484860093,0.04879504812678546,0.0
2025-02-23 14:45:44.423265,1.3804705577998266,0.027685456370210363,0.0
2025-02-24 14:45:44.423265,1.2307205786667588,0.011278182401047191,0.0
2025-02-25 14:45:44.423265,1.215242400665987,0.011895086833305719,0.0
2025-02-26 14:45:44.423265,1.2983200087451554,0.017068311175606154,0.0
2025-02-27 14:45:44.423265,1.3209865371931933,0.015178571795735302,0.0
2025-02-28 14:45:44.423265,1.3008343983977646,0.005623828479387516,0.0
2025-03-01 14:45:44.423265,1.1997829018567165,0.0020840220790375214,0.0
2025-03-02 14:45:44.423265,1.2993848759393127,-0.0012518625579904482,0.0
2025-03-03 14:45:44.423265,1.2393032739459509,-0.015079291777333526,0.0
2025-03-04 14:45:44.423265,1.3386962474689368,-0.005613501537335482,0.0
2025-03-05 14:45:44.423265,1.3242284033885188,-0.03385913628390771,0.0
2025-03-06 14:45:44.423265,1.2595903728235498,-0.001966792535894998,0.0
2025-03-07 14:45:44.423265,1.2815768873293245,-0.01977182214301835,0.0
2025-03-08 14:45:44.423265,1.254995428157953,-0.02207178634431542,0.0
2025-03-09 14:45:44.423265,1.3055080204449832,0.0035978830230695693,0.0
2025-03-10 14:45:44.423265,1.3570849623899452,0.02784004572689199,0.0
2025-03-11 14:45:44.423265,1.2607274151043477,0.01836633212004626,0.0
2025-03-12 14:45:44.423265,1.3359019142532584,-0.03141001207246354,0.0
2025-03-13 14:45:44.423265,1.2848725786149857,-0.01979256273140675,0.0
2025-03-14 14:45:44.423265,1.2724276889767319,0.01881542375976432,0.0
2025-03-15 14:45:44.423265,1.3074056836483627,-0.019649747870766194,0.0
2025-03-16 14:45:44.423265,1.2616809565813631,-0.004492662999940492,0.0
2025-03-17 14:45:44.423265,1.2864464784912144,0.011001041980491037,0.0
2025-03-18 14:45:44.423265,1.2549209201853724,-0.019366889097272705,0.0
2025-03-19 14:45:44.423265,1.4137369425168758,0.002107510122919198,0.0
2025-03-20 14:45:44.423265,1.317949734525884,-0.02668050989836409,0.0
2025-03-21 14:45:44.423265,1.2818861525839098,-0.012027352879024273,0.0
2025-03-22 14:45:44.423265,1.3282572945764919,0.00639563868285074,0.0
2025-03-23 14:45:44.423265,1.3126277676114804,-0.031859874670633385,0.0
2025-03-24 14:45:44.423265,1.3078815611756023,0.00880949475920798,0.0
2025-03-25 14:45:44.423265,1.350324247210676,-0.0003927559785336243,0.0
2025-03-26 14:45:44.423265,1.3581771687671116,0.011049799088342955,0.0
2025-03-27 14:45:44.423265,1.2944625969404615,0.0044782826812932285,0.0
2025-03-28 14:45:44.423265,1.2928826133449953,0.027282808599476883,0.0
2025-03-29 14:45:44.423265,1.3086068115758884,0.0025044900529581455,0.0
2025-03-30 14:45:44.423265,1.2079492092529327,-0.00858811082250506,0.0
2025-03-31 14:45:44.423265,1.2479715854360256,0.0024459500606456757,0.0
2025-04-01 14:45:44.423265,1.392760722974421,0.010865960580727758,0.0
2025-04-02 14:45:44.423265,1.4073512663335004,0.0009772014065140865,0.0
2025-04-03 14:45:44.423265,1.3133369497368585,0.0008118338240776477,0.0
2025-04-04 14:45:44.423265,1.3553024709237076,-0.014039833756135107,0.0
2025-04-05 14:45:44.423265,1.3427230015543372,-0.013258018351018964,0.0
2025-04-06 14:45:44.423265,1.4817904053061637,-0.02805210543599387,0.0
2025-04-07 14:45:44.423265,1.3845109815113723,0.03499153486373879,0.0
2025-04-08 14:45:44.423265,1.3228222274218466,-0.0248772647078257,0.0
2025-04-09 14:45:44.423265,1.282126956022105,-0.013858103955918147,0.0
2025-04-10 14:45:44.423265,1.250267533095489,-0.014368145311383949,0.0
2025-04-11 14:45:44.423265,1.34144890195797,0.017898487538888827,0.0
2025-04-12 14:45:44.423265,1.2941440539566353,-0.005898993565840556,0.0
2025-04-13 14:45:44.423265,1.2615347767972083,0.024954841453474676,0.0
2025-04-14 14:45:44.423265,1.301004689121207,-0.01346981248487737,0.0
2025-04-15 14:45:44.423265,1.2799418042088548,0.005579883244476039,0.0
2025-04-16 14:45:44.423265,1.4190621571994444,-0.016706941065195147,0.0
2025-04-17 14:45:44.423265,1.37947293434953,0.04290298255546777,0.0
2025-04-18 14:45:44.423265,1.3356781854924682,-0.023751968380590256,0.0
2025-04-19 14:45:44.423265,1.410759895559042,0.00619641420454055,0.0
2025-04-20 14:45:44.423265,1.3413169750531628,0.01267553761864197,0.0
2025-04-21 14:45:44.423265,1.2950702206606102,0.008275981949029964,0.0
2025-04-22 14:45:44.423265,1.4149765056467476,-0.003705753177554166,0.0
2025-04-23 14:45:44.423265,1.3664516750237392,-0.0025964139946685234,0.0
2025-04-24 14:45:44.423265,1.2883297361794248,0.0008762294395821919,0.0
2025-04-25 14:45:44.423265,1.3313609810478086,-0.0029400400325697725,0.0
2025-04-26 14:45:44.423265,1.2977828733389927,0.019277582335898193,0.0
2025-04-27 14:45:44.423265,1.2731096705162552,0.04421046003182703,0.0
2025-04-28 14:45:44.423265,1.3892444054972954,-0.011149835700156673,0.0
2025-04-29 14:45:44.423265,1.4390922312004615,-0.02739605959158156,0.0
2025-04-30 14:45:44.423265,1.2743788915422392,-0.0017656409670250965,0.0
2025-05-01 14:45:44.423265,1.373141603123966,0.05159418675308637,0.0
2025-05-02 14:45:44.423265,1.3131468838895877,-0.016073491359394617,0.0
2025-05-03 14:45:44.423265,1.3220086142136855,0.03278233610888135,0.0
2025-05-04 14:45:44.423265,1.3174310582462185,0.03355401628152881,0.0
2025-05-05 14:45:44.423265,1.3045370870304125,-0.011071764834159892,0.0
2025-05-06 14:45:44.423265,1.3508485779678863,0.011379661583705507,0.0
2025-05-07 14:45:44.423265,1.3075608618063344,0.03256793246257076,0.0
2025-05-08 14:45:44.423265,1.3633170799721195,-0.007582554819749742,0.0
2025-05-09 14:45:44.423265,1.3479682042669119,-0.004071607202047235,0.0
2025-05-10 14:45:44.423265,1.33921857845229,-0.011633618278972874,0.0
2025-05-11 14:45:44.423265,1.306473668749772,-0.02029513461385734,0.0
2025-05-12 14:45:44.423265,1.3236991563796765,-0.012985550901320142,0.0
2025-05-13 14:45:44.423265,1.3909931552556227,-0.02447880533524513,0.0
2025-05-14 14:45:44.423265,1.3789553244017951,0.0006816693651845214,0.0
2025-05-15 14:45:44.423265,1.30571757383689,-0.015399464621172837,0.0
2025-05-16 14:45:44.423265,1.3602478224045202,0.004675718235814954,0.0
2025-05-17 14:45:44.423265,1.39353643435789,-0.031117912924072545,0.0
2025-05-18 14:45:44.423265,1.2731826851894732,0.006617604644289141,0.0
2025-05-19 14:45:44.423265,1.3845068299207801,0.016670579232178493,0.0
2025-05-20 14:45:44.423265,1.3248935034107323,-0.03987471285142911,0.0
2025-05-21 14:45:44.423265,1.387240495843924,0.0074811313969514424,0.0
2025-05-22 14:45:44.423265,1.321233475643382,0.024553379849465845,0.0
2025-05-23 14:45:44.423265,1.2698381994935228,-0.02419282037382411,0.0
2025-05-24 14:45:44.423265,1.2793910536888322,0.03345144773675407,0.0
2025-05-25 14:45:44.423265,1.3638582939723007,0.008380380187320903,0.0
2025-05-26 14:45:44.423265,1.3751260427815473,-0.014100237115168177,0.0
2025-05-27 14:45:44.423265,1.3176099574964943,-0.00111538155315412,0.0
2025-05-28 14:45:44.423265,1.395441282746825,0.011166538250434448,0.0
2025-05-29 14:45:44.423265,1.2811215277507495,0.0015201078282482301,0.0
2025-05-30 14:45:44.423265,1.361579411988073,0.010775119848927385,0.0
2025-05-31 14:45:44.423265,1.3050184629885573,-0.018413471861587326,0.0
2025-06-01 14:45:44.423265,1.3336633386428138,0.00338721648072156,0.0
2025-06-02 14:45:44.423265,1.369310948654984,-0.028274289938099606,0.0
2025-06-03 14:45:44.423265,1.3246062178812072,-0.0022245212269740066,0.0
2025-06-04 14:45:44.423265,1.3490849799901548,-0.018078152829295795,0.0
2025-06-05 14:45:44.423265,1.4193132687186096,-0.014710598851795332,0.0
2025-06-06 14:45:44.423265,1.3408399058379714,0.024721863504208748,0.0
2025-06-07 14:45:44.423265,1.4121549759736276,0.02182620241188538,0.0
2025-06-08 14:45:44.423265,1.314570898693731,0.01218276241814354,0.0
2025-06-09 14:45:44.423265,1.3982323213786172,-0.02184625529345158,0.0
2025-06-10 14:45:44.423265,1.4445064145719897,-0.006328168993896039,0.0
2025-06-11 14:45:44.423265,1.2495316295889716,0.02426195399958367,0.0
2025-06-12 14:45:44.423265,1.3339549628780536,0.002834338272798095,0.0
2025-06-13 14:45:44.423265,1.403339203066846,0.046386590799633885,0.0
2025-06-14 14:45:44.423265,1.3650191984619109,0.007866356787887437,0.0
2025-06-15 14:45:44.423265,1.3944146324888673,0.003840982329800632,0.0
2025-06-16 14:45:44.423265,1.3463439505407522,-0.006182329284050028,0.0
2025-06-17 14:45:44.423265,1.3815585703064297,0.002670818095645646,0.0
2025-06-18 14:45:44.423265,1.3701310902194221,-0.003049396727610878,0.0
2025-06-19 14:45:44.423265,1.436989926128258,0.01416217353377181,0.0
2025-06-20 14:45:44.423265,1.3920077362665697,0.01913404633589168,0.0
2025-06-21 14:45:44.423265,1.3968526982615104,-0.01571978921015899,0.0
2025-06-22 14:45:44.423265,1.3600645879078683,-0.026624659071155563,0.0
2025-06-23 14:45:44.423265,1.3569639960666084,-0.03672410746206593,0.0
2025-06-24 14:45:44.423265,1.3604022689354938,0.010159826538250873,0.0
2025-06-25 14:45:44.423265,1.4024386565016311,-0.022067332123477473,0.0
2025-06-26 14:45:44.423265,1.3623526963979442,-0.04305781185904966,0.0
2025-06-27 14:45:44.423265,1.3985765343400196,0.007771572090619282,0.0
2025-06-28 14:45:44.423265,1.4885437024837123,0.04985999034865581,0.0
2025-06-29 14:45:44.423265,1.4290157687792664,-0.00012141823079786648,0.0
2025-06-30 14:45:44.423265,1.3698442280555312,0.01676981548903284,0.0
2025-07-01 14:45:44.423265,1.4468919718283617,0.0016365871709513003,0.0
2025-07-02 14:45:44.423265,1.3671133781253286,-0.0019777930638228535,0.0
2025-07-03 14:45:44.423265,1.2862967910737546,0.018381529659755372,0.0
2025-07-04 14:45:44.423265,1.3384845733430186,-0.005805490883773027,0.0
2025-07-05 14:45:44.423265,1.2960351638938374,0.005347846281438059,0.0
2025-07-06 14:45:44.423265,1.3726849567993065,0.006433956123920273,0.0
2025-07-07 14:45:44.423265,1.3918674210170907,-0.013361809072860975,0.0
2025-07-08 14:45:44.423265,1.4754542387276186,0.01984084699073046,0.0
2025-07-09 14:45:44.423265,1.408664612858304,-0.003499195133908173,0.0
2025-07-10 14:45:44.423265,1.382049088785894,-0.015114903189856895,0.0
2025-07-11 14:45:44.423265,1.4351602653417534,0.010730196871408072,0.0
2025-07-12 14:45:44.423265,1.283819091888426,-0.017969359635820744,0.0
2025-07-13 14:45:44.423265,1.4068424563004902,0.000563623147382565,0.0
2025-07-14 14:45:44.423265,1.4342908591456516,-0.00018237993288407086,0.0
2025-07-15 14:45:44.423265,1.3225041582185524,0.02171791131663156,0.0
2025-07-16 14:45:44.423265,1.4543070437241326,0.009493964657599056,0.0
2025-07-17 14:45:44.423265,1.4147300329947483,-0.0005005391749028784,0.0
2025-07-18 14:45:44.423265,1.3777266879812289,0.016355325984005742,0.0
2025-07-19 14:45:44.423265,1.4308160480378247,0.02780415098034627,0.0
2025-07-20 14:45:44.423265,1.5133974686789713,0.011156206127037245,0.0
2025-07-21 14:45:44.423265,1.4096420095979179,0.00020705239686761215,0.0
2025-07-22 14:45:44.423265,1.4136455972162514,-0.02623672464700319,0.0
2025-07-23 14:45:44.423265,1.378952393980464,-0.02130227326150745,0.0
2025-07-24 14:45:44.423265,1.3601140915404777,-0.006104494087093353,0.0
2025-07-25 14:45:44.423265,1.4448089718971713,-0.012190244043185663,0.0
2025-07-26 14:45:44.423265,1.3611738608307569,-0.0037394260597089202,0.0
2025-07-27 14:45:44.423265,1.4082422350434112,0.0011329984979421433,0.0
2025-07-28 14:45:44.423265,1.3814669219004274,0.010593855087134616,0.0
2025-07-29 14:45:44.423265,1.429984656582244,-0.0014099755611818243,0.0
2025-07-30 14:45:44.423265,1.4234046416155133,0.009730032876524039,0.0
2025-07-31 14:45:44.423265,1.4592844046203022,0.001289488296202405,0.0
2025-08-01 14:45:44.423265,1.3825924585209115,-0.03950933132707743,0.0
2025-08-02 14:45:44.423265,1.395285402755222,-0.018786707876375087,0.0
2025-08-03 14:45:44.423265,1.3605268347870163,-0.0028817511144323092,0.0
2025-08-04 14:45:44.423265,1.3879362286285675,-0.024193894856822152,0.0
2025-08-05 14:45:44.423265,1.4297017873408573,0.011998574599924091,0.0
2025-08-06 14:45:44.423265,1.4493720645771233,0.03061501664687395,0.0
2025-08-07 14:45:44.423265,1.366100238592216,0.024375237033946333,0.0
2025-08-08 14:45:44.423265,1.456374671862622,-0.00426885741860416,0.0
2025-08-09 14:45:44.423265,1.4813621398538277,0.02981452273699904,0.0
2025-08-10 14:45:44.423265,1.4349378631310068,0.002973349144042231,0.0
2025-08-11 14:45:44.423265,1.5087917796539663,-0.006741719422360787,0.0
2025-08-12 14:45:44.423265,1.3769484001271257,-0.012268053270818795,0.0
2025-08-13 14:45:44.423265,1.3540909959729752,-0.0060493937297625665,0.0
2025-08-14 14:45:44.423265,1.3280735897495735,-0.007763536370824576,0.0
2025-08-15 14:45:44.423265,1.492497688825488,0.003408324447509754,0.0
2025-08-16 14:45:44.423265,1.451099627124973,0.003211479620997292,0.0
2025-08-17 14:45:44.423265,1.416287981817989,6.092040306828939e-05,0.0
2025-08-18 14:45:44.423265,1.433751517735744,0.008738763394926997,0.0
2025-08-19 14:45:44.423265,1.3641645051110758,0.023812925495726826,0.0
2025-08-20 14:45:44.423265,1.5434124275130772,0.018991082708826476,0.0
2025-08-21 14:45:44.423265,1.4282717586872387,-0.02969795936899807,0.0
2025-08-22 14:45:44.423265,1.4279663103749634,-0.0510784226980391,0.0
2025-08-23 14:45:44.423265,1.4594707728958947,0.018686398224785475,0.0
2025-08-24 14:45:44.423265,1.4479187743440374,-0.027337573968308423,0.0
2025-08-25 14:45:44.423265,1.4357483850273998,-0.004495308037853671,0.0
2025-08-26 14:45:44.423265,1.3857163320974188,-0.023402260521187192,0.0
2025-08-27 14:45:44.423265,1.4494993437827257,-0.036039608751600394,0.0
2025-08-28 14:45:44.423265,1.5207130218059188,0.010829254564095761,0.0
2025-08-29 14:45:44.423265,1.4945686703461576,0.015183103206052937,0.0
2025-08-30 14:45:44.423265,1.50764287042662,-0.01153020801453439,0.0
2025-08-31 14:45:44.423265,1.4031086263293326,-0.0518208458428982,0.0
2025-09-01 14:45:44.423265,1.3798750401942041,-0.010924888965049655,0.0
2025-09-02 14:45:44.423265,1.423751806258392,0.00783608010805093,0.0
2025-09-03 14:45:44.423265,1.4335132689340506,-0.029578231375482576,0.0
2025-09-04 14:45:44.423265,1.486122470299405,0.0036671983955831127,0.0
2025-09-05 14:45:44.423265,1.347475533946358,-0.00030619698345991117,0.0
2025-09-06 14:45:44.423265,1.509262152461371,0.011585829992021767,0.0
2025-09-07 14:45:44.423265,1.4255701126156324,0.002391607368283065,0.0
2025-09-08 14:45:44.423265,1.412812325103452,-0.01946137881763111,0.0
2025-09-09 14:45:44.423265,1.3842370308940561,0.023931430033289826,0.0
2025-09-10 14:45:44.423265,1.3527852871200174,-0.0031705914605394004,0.0
2025-09-11 14:45:44.423265,1.4773725209676432,-0.0005460907901986373,0.0
2025-09-12 14:45:44.423265,1.440565761185209,-0.01866535918146392,0.0
2025-09-13 14:45:44.423265,1.3730876888949777,-0.008865645023830207,0.0
2025-09-14 14:45:44.423265,1.3735176663350905,-0.01769605428053802,0.0
2025-09-15 14:45:44.423265,1.4221682410300067,-0.0034589211984684598,0.0
2025-09-16 14:45:44.423265,1.5230944233152242,0.03423416960284687,0.0
2025-09-17 14:45:44.423265,1.4273496505388155,-0.027438022858627127,0.0
2025-09-18 14:45:44.423265,1.3658579415073322,-0.03227122795753482,0.0
2025-09-19 14:45:44.423265,1.4294138070151814,0.02942340654987217,0.0
2025-09-20 14:45:44.423265,1.4287506527883365,-0.004186473543037322,0.0
2025-09-21 14:45:44.423265,1.3082283701848831,-0.013381454773198331,0.0
2025-09-22 14:45:44.423265,1.4410438300623125,0.02079809374792153,0.0
2025-09-23 14:45:44.423265,1.4328977179340106,-0.012112310794737282,0.0
2025-09-24 14:45:44.423265,1.4799406337413568,0.03652019427093872,0.0
2025-09-25 14:45:44.423265,1.5382639913041944,0.013558517426785382,0.0
2025-09-26 14:45:44.423265,1.5028303090905566,-0.009758228162914053,0.0
2025-09-27 14:45:44.423265,1.433743494141669,0.04314616426531007,0.0
2025-09-28 14:45:44.423265,1.392547504288568,-0.012114298460066768,0.0
2025-09-29 14:45:44.423265,1.577227660944386,0.014841907440186139,0.0
2025-09-30 14:45:44.423265,1.4522064635388587,0.0059858516081298385,0.0
2025-10-01 14:45:44.423265,1.4506278774900232,0.026034825787975963,0.0
2025-10-02 14:45:44.423265,1.449411029595117,0.031230223934537053,0.0
2025-10-03 14:45:44.423265,1.4612073930452516,0.0006400829813153325,0.0
2025-10-04 14:45:44.423265,1.444771005466903,-0.01506835740692367,0.0
2025-10-05 14:45:44.423265,1.4239917967753297,0.009199442858782329,0.0
2025-10-06 14:45:44.423265,1.4260178211135632,-0.013554307395042122,0.0
2025-10-07 14:45:44.423265,1.4524089757210246,0.04026774495053246,0.0
2025-10-08 14:45:44.423265,1.4275612717313777,0.002730706621654749,0.0
2025-10-09 14:45:44.423265,1.4197760922104492,-0.007306431026242174,0.0
2025-10-10 14:45:44.423265,1.4614257637851436,0.0036936061172981685,0.0
2025-10-11 14:45:44.423265,1.4440412625857475,-0.02694252579059393,0.0
2025-10-12 14:45:44.423265,1.5326756439421658,-0.019432280770213032,0.0
2025-10-13 14:45:44.423265,1.3256133751496224,0.024008278158888507,0.0
2025-10-14 14:45:44.423265,1.5134230792216374,-0.013137885579427916,0.0
2025-10-15 14:45:44.423265,1.5218378673066373,-0.020938219653638793,0.0
2025-10-16 14:45:44.423265,1.3565499671175898,0.010733055050545724,0.0
2025-10-17 14:45:44.423265,1.4437709700902213,0.02371408309325994,0.0
2025-10-18 14:45:44.423265,1.4430191775506904,0.014379066213301334,0.0
2025-10-19 14:45:44.423265,1.3919015071708305,0.019920953716116328,0.0
2025-10-20 14:45:44.423265,1.4240721285834192,-0.015135901771389215,0.0
2025-10-21 14:45:44.423265,1.408120041745913,-0.028436213334836875,0.0
2025-10-22 14:45:44.423265,1.5519482272466272,0.030026673039109737,0.0
2025-10-23 14:45:44.423265,1.5118044957890602,-0.006453596776842715,0.0
2025-10-24 14:45:44.423265,1.5292842019376367,-0.005016660329100947,0.0
2025-10-25 14:45:44.423265,1.502475921446332,0.02656388283698116,0.0
2025-10-26 14:45:44.423265,1.4106256007395501,0.011124600188013199,0.0
2025-10-27 14:45:44.423265,1.4415380470426642,0.009117755441632153,0.0
2025-10-28 14:45:44.423265,1.49291865947429,0.04330004689802168,0.0
2025-10-29 14:45:44.423265,1.4080294120245385,-0.01287036460760286,0.0
2025-10-30 14:45:44.423265,1.5054715950339965,0.018556802561624744,0.0
2025-10-31 14:45:44.423265,1.458491274673712,0.00114026249794169,0.0
2025-11-01 14:45:44.423265,1.4524523752603802,0.0053718455772651386,0.0
2025-11-02 14:45:44.423265,1.5074272851042763,0.030569368528250634,0.0
2025-11-03 14:45:44.423265,1.4947783233246448,0.010156715125792476,0.0
2025-11-04 14:45:44.423265,1.4552027205156302,0.01076592158099266,0.0
2025-11-05 14:45:44.423265,1.5319033900310384,0.021450146746196046,0.0
2025-11-06 14:45:44.423265,1.4205696045390723,-0.007299054590857707,0.0
2025-11-07 14:45:44.423265,1.5061054223225219,-0.016784193346780128,0.0
2025-11-08 14:45:44.423265,1.505649575929969,-0.020896183880420673,0.0
2025-11-09 14:45:44.423265,1.461203062122092,-0.03932713178752004,0.0
2025-11-10 14:45:44.423265,1.493672906256139,0.041124142598806444,0.0
2025-11-11 14:45:44.423265,1.4154964473810094,-0.022064167314433662,0.0
2025-11-12 14:45:44.423265,1.5249393482168607,-0.00442507247171544,0.0
2025-11-13 14:45:44.423265,1.4701787614906077,-0.005536265997778413,0.0
2025-11-14 14:45:44.423265,1.4539735883430467,0.006148133956182015,0.0
2025-11-15 14:45:44.423265,1.5332460717170844,0.016314744250785936,0.0
2025-11-16 14:45:44.423265,1.4462642969543436,0.017209469767194906,0.0
2025-11-17 14:45:44.423265,1.411744287719545,-0.011661548771378769,0.0
2025-11-18 14:45:44.423265,1.4050217649177692,-0.00334243427572823,0.0
2025-11-19 14:45:44.423265,1.5138395922174879,0.005651599009765993,0.0
2025-11-20 14:45:44.423265,1.4202034980816332,-0.004973822523670942,0.0
2025-11-21 14:45:44.423265,1.5726505458619067,0.032146911520399855,0.0
2025-11-22 14:45:44.423265,1.381500237424744,0.009819499032765027,0.0
2025-11-23 14:45:44.423265,1.5711053972896734,0.014697555720996349,0.0
2025-11-24 14:45:44.423265,1.497519323291544,0.013257625373348254,0.0
2025-11-25 14:45:44.423265,1.4828186653941344,0.0234694771497065,0.0
2025-11-26 14:45:44.423265,1.4610942377034484,0.003620431174074139,0.0
2025-11-27 14:45:44.423265,1.5089828688177407,-0.025936638959116933,0.0
2025-11-28 14:45:44.423265,1.4878301990351361,0.007993759035052832,0.0
2025-11-29 14:45:44.423265,1.545562899313446,-0.013027137875836581,0.0
2025-11-30 14:45:44.423265,1.4967950587019634,-0.010572333634995138,0.0
2025-12-01 14:45:44.423265,1.4992846353981968,0.011727280375101866,0.0
2025-12-02 14:45:44.423265,1.4742748077706516,0.024765661428672713,0.0
2025-12-03 14:45:44.423265,1.4902940082515326,0.000425431534721233,0.0
2025-12-04 14:45:44.423265,1.5092172489384301,0.006176660251979276,0.0
2025-12-05 14:45:44.423265,1.4090046119172372,0.03404429889270476,0.0
2025-12-06 14:45:44.423265,1.4277896315010243,0.004815063589771366,0.0
2025-12-07 14:45:44.423265,1.533047978363687,0.052033662283607895,0.0
2025-12-08 14:45:44.423265,1.5051139166251901,0.011310192912630882,0.0
2025-12-09 14:45:44.423265,1.4880573489574005,-0.035215255183116356,0.0
2025-12-10 14:45:44.423265,1.4988640834845455,0.015066832422090651,0.0
2025-12-11 14:45:44.423265,1.5160073431556007,0.007623167697655555,0.0
2025-12-12 14:45:44.423265,1.4723261449282903,0.025795055081654913,0.0
2025-12-13 14:45:44.423265,1.4610847637298845,0.013463627025399168,0.0
