timestamp,stablecoin_mcap,stablecoin_flow_7d,stablecoin_trend
2023-12-15,1.28657033608,0.0,0.0
2023-12-16,1.2890513746,0.0,0.0
2023-12-17,1.29063637629,0.0,0.0
2023-12-18,1.29015031925,0.0,0.0
2023-12-19,1.28970939315,0.0,0.0
2023-12-20,1.29422664867,0.0,0.0
2023-12-21,1.29768206142,0.0,0.0
2023-12-22,1.29750972047,0.1093938439,0.000593977631210274
2023-12-23,1.30096467058,0.1191329598,0.0011344402495716555
2023-12-24,1.30264758238,0.1201120609,0.0017098119950229584
2023-12-25,1.30205189562,0.1190157637,0.0024507268561499984
2023-12-26,1.30165114766,0.1194175451,0.0033165824338921013
2023-12-27,1.29856434758,0.0433769891,0.003596723536095192
2023-12-28,1.30308051436,0.0539845294,0.0037721283482330392
2023-12-29,1.30127450544,0.0376478497,0.003916560002160674
2023-12-30,1.30222897841,0.0126430783,0.0037730620704350404
2023-12-31,1.30124866033,-0.0139892205,0.0034141825287041794
2024-01-01,1.29859457422,-0.034573214,0.0029655070811283046
2024-01-02,1.30383535367,0.0218420601,0.0029320665049661354
2024-01-03,1.30519519721,0.0663084963,0.0033629411567996925
2024-01-04,1.31058332221,0.0750280785,0.00371962794131786
2024-01-05,1.31747014371,0.1619563827,0.004832452868698267
2024-01-06,1.32162262901,0.193936506,0.006213636395528965
2024-01-07,1.3254096956,0.2416103527,0.008056517704551514
2024-01-08,1.32468055239,0.2608597817,0.010195165554149233
2024-01-09,1.32747450537,0.236391517,0.012034866843245506
2024-01-10,1.32718468383,0.2198948662,0.013755304683884972
2024-01-11,1.33174089322,0.2115757101,0.015305030137717335
2024-01-12,1.33492919418,0.1745905047,0.016415261955009752
2024-01-13,1.32848084114,0.0685821213,0.016585682537455737
2024-01-14,1.33483939213,0.0942969653,0.016365157557438392
2024-01-15,1.33643690196,0.1175634957,0.01642172847992973
2024-01-16,1.33328810363,0.0581359826,0.015953134365116473
2024-01-17,1.33303152738,0.0584684355,0.015483256048293814
2024-01-18,1.33838153607,0.0664064285,0.014951617861056699
2024-01-19,1.33212160698,-0.028075872,0.013672451728341084
2024-01-20,1.33382766867,0.0534682753,0.013325078671110102
2024-01-21,1.33601080444,0.0117141231,0.012465539790895264
2024-01-22,1.33323162976,-0.032052722,0.011293110435939502
2024-01-23,1.33469762719,0.0140952356,0.010627393067415225
2024-01-24,1.3426417899,0.0961026252,0.0106315687202998
2024-01-25,1.34096302686,0.0258149079,0.009909369756130326
2024-01-26,1.34283564758,0.107140406,0.009939752165473159
2024-01-27,1.34504985266,0.1122218399,0.010083258199145462
2024-01-28,1.34577707161,0.0976626717,0.010005519126930817
2024-01-29,1.34639409625,0.1316246649,0.010301585251565326
2024-01-30,1.34961628533,0.1491865814,0.010679155333849888
2024-01-31,1.34774487698,0.0510308708,0.009983434881387865
2024-02-01,1.34810889312,0.0714586626,0.009631260891508342
2024-02-02,1.35182189276,0.0898624518,0.009417480052898553
2024-02-03,1.35156862056,0.065187679,0.00908245319581713
2024-02-04,1.35114784659,0.0537077498,0.008809199210827456
2024-02-05,1.35192933985,0.055352436,0.00863860700405672
2024-02-06,1.35037122383,0.007549385,0.008092607618760184
2024-02-07,1.35376172995,0.0601685297,0.008004830135734498
2024-02-08,1.35691616402,0.088072709,0.008205305785011996
2024-02-09,1.35990760111,0.0808570835,0.008246559932449493
2024-02-10,1.36216578607,0.1059716551,0.00861225980795255
2024-02-11,1.36487499462,0.1372714803,0.00932193734361908
2024-02-12,1.36712929476,0.1519995491,0.009969191853806736
2024-02-13,1.36308364561,0.1271242178,0.010611589735811666
2024-02-14,1.36494948959,0.1118775964,0.011084773134081516
2024-02-15,1.3745498461,0.1763368208,0.011921193855394474
2024-02-16,1.3728654685,0.1295786739,0.012296983478017331
2024-02-17,1.37643068398,0.1426489791,0.01285473558130712
2024-02-18,1.37833718894,0.1346219432,0.013122858569576401
2024-02-19,1.37729551309,0.1016621833,0.013111324747081321
2024-02-20,1.37733094582,0.1424730021,0.013583210297241743
2024-02-21,1.37830847596,0.1335898637,0.013867130475398115
2024-02-22,1.37864502674,0.0409518064,0.01320477141183396
2024-02-23,1.38222591671,0.0936044821,0.013205001256824556
2024-02-24,1.38844487107,0.1201418709,0.013287736579471687
2024-02-25,1.38604888095,0.0771169201,0.013025228134630806
2024-02-26,1.38717009231,0.0987457922,0.013016698623840917
2024-02-27,1.39171411289,0.1438316707,0.013385247981538395
2024-02-28,1.39745563867,0.1914716271,0.014123864856032009
2024-02-29,1.40219483545,0.2354980871,0.015282331084756517
2024-03-01,1.40771887477,0.2549295806,0.016457537346935114
2024-03-02,1.41327289263,0.2482802156,0.01743205753311483
2024-03-03,1.41416665777,0.2811777682,0.018814578259251924
2024-03-04,1.41814692822,0.3097683591,0.02038481233266065
2024-03-05,1.42022023732,0.2850612443,0.02163279980335142
2024-03-06,1.42187077061,0.2441513194,0.022432601213353776
2024-03-07,1.42510030337,0.2290546792,0.02295617287334295
2024-03-08,1.43027623142,0.2255735665,0.023398149980585536
2024-03-09,1.44231334178,0.2904044915,0.024286453198635982
2024-03-10,1.44529954882,0.3113289105,0.025385742680898327
2024-03-11,1.44758505698,0.2943812876,0.026306513243162133
2024-03-12,1.45499453854,0.3477430122,0.027653238238444233
2024-03-13,1.45754493537,0.3567416476,0.029078610837846686
2024-03-14,1.46558119311,0.4048088974,0.03069109600393438
2024-03-15,1.46828439516,0.3800816374,0.03202467937710707
2024-03-16,1.46743921596,0.2512587418,0.03230357957301866
2024-03-17,1.46876265044,0.2346310162,0.0323403382025802
2024-03-18,1.46550073394,0.1791567696,0.03198391432734726
2024-03-19,1.47255744345,0.1756290491,0.031468969248947376
2024-03-20,1.47644219456,0.1889725919,0.030971257689012655
2024-03-21,1.4716475591,0.0606636599,0.029308618145890142
2024-03-22,1.47728792148,0.0900352632,0.02783481422601053
2024-03-23,1.47773831456,0.102990986,0.026494065506120323
2024-03-24,1.48106198281,0.1229933237,0.0253642817824693
2024-03-25,1.47928095798,0.1378022404,0.024575979955897553
2024-03-26,1.49255042173,0.1999297828,0.02403527645190695
2024-03-27,1.49550503421,0.1906283965,0.023362290389451923
2024-03-28,1.49509029523,0.2344273613,0.023240084550355755
2024-03-29,1.49754480031,0.2025687883,0.022882719551724717
2024-03-30,1.49961299512,0.2187468056,0.02274789286813661
2024-03-31,1.50193422084,0.2087223803,0.022590379838036245
2024-04-01,1.4992900842,0.2000912622,0.02254014257838377
2024-04-02,1.50352360852,0.1097318679,0.021532801870793428
2024-04-03,1.51003445464,0.1452942043,0.020816505469778646
2024-04-04,1.52385591005,0.2876561482,0.021212027327435656
2024-04-05,1.53261138879,0.3506658848,0.022051162750511777
2024-04-06,1.54361665751,0.4400366239,0.023568942005055105
2024-04-07,1.54389293646,0.4195871562,0.024994678971689055
2024-04-08,1.54165741442,0.4236733022,0.026780419728241966
2024-04-09,1.54194431925,0.3842071073,0.028242337873498613
2024-04-10,1.53988841857,0.2985396393,0.028978966261547168
2024-04-11,1.53698116691,0.1312525686,0.02835327626743367
2024-04-12,1.54295198853,0.1034059974,0.027386650360252673
2024-04-13,1.54501512423,0.0139846672,0.02570978065863949
2024-04-14,1.5511314158,0.0723847934,0.024515462323751347
2024-04-15,1.55140490618,0.0974749176,0.023537802734299396
2024-04-16,1.55686992301,0.1492560376,0.022959739633988896
2024-04-17,1.56678799557,0.26899577,0.0232165313751731
2024-04-18,1.54386300345,0.0688183654,0.022261644049079488
2024-04-19,1.57622908528,0.3327709675,0.02315176027095367
2024-04-20,1.56298771467,0.1797259044,0.022792349144023616
2024-04-21,1.56414822154,0.1301680574,0.022070636080510964
2024-04-22,1.58592308619,0.3451818001,0.02288450813873344
2024-04-23,1.59144341338,0.3457349037,0.02365083816293545
2024-04-24,1.59087665433,0.2408865876,0.02341242242883057
2024-04-25,1.59628474575,0.524217423,0.025975567105098074
2024-04-26,1.59669250332,0.2046341804,0.025627756054662276
2024-04-27,1.59460408109,0.3161636642,0.026347808144723484
2024-04-28,1.59635488627,0.3220666473,0.027134680050828308
2024-04-29,1.59629015966,0.1036707347,0.02595794350721148
2024-04-30,1.59351506461,0.0207165123,0.024136916791143825
2024-05-01,1.59511423624,0.0423758191,0.02242863027424602
2024-05-02,1.5914794833,-0.0480526245,0.02007229552011225
2024-05-03,1.59283121311,-0.0386129021,0.017922625720647734
2024-05-04,1.59923840868,0.0463432759,0.01671419033474586
2024-05-05,1.6022328001,0.0587791383,0.015746826872048647
2024-05-06,1.6020889973,0.0579883764,0.01501488360391079
2024-05-07,1.6015573743,0.0804230969,0.014505591705254561
2024-05-08,1.59899088181,0.0387664557,0.01362724281126515
2024-05-09,1.59791335824,0.0643387494,0.013011597703591393
2024-05-10,1.59836302986,0.0553181675,0.012262387459501145
2024-05-11,1.59627637026,-0.0296203842,0.010730846151189466
2024-05-12,1.59758925132,-0.0464354878,0.009150412434747679
2024-05-13,1.59715868217,-0.0493031513,0.0076005817795135044
2024-05-14,1.59807398413,-0.0348339017,0.00629417793283249
2024-05-15,1.59587414539,-0.0311673642,0.005075439698936313
2024-05-16,1.60154657934,0.036332211,0.004460791109985207
2024-05-17,1.60297770834,0.0461467848,0.004113754511332557
2024-05-18,1.60546420835,0.0918783809,0.0036436978066842762
2024-05-19,1.60883125228,0.1124200096,0.003966752459873657
2024-05-20,1.60837532395,0.1121664178,0.004019023232521235
2024-05-21,1.60541672825,0.0734274412,0.0038111468954786787
2024-05-22,1.60615860858,0.1028446319,0.004306639369828114
2024-05-23,1.60666393708,0.0511735774,0.004445159079427663
2024-05-24,1.60481010198,0.0183239364,0.004317165203279849
2024-05-25,1.60840074479,0.0293653644,0.004325849425867556
2024-05-26,1.60842185004,-0.0040940224,0.004043951271121005
2024-05-27,1.60545664693,-0.0291867702,0.003556583931177304
2024-05-28,1.60460410323,-0.0081262502,0.003311719999243401
2024-05-29,1.60205854637,-0.0410006221,0.0028254500405178185
2024-05-30,1.59870652889,-0.0795740819,0.0020072335196668067
2024-05-31,1.6028182361,-0.0199186588,0.0016689212741936021
2024-06-01,1.60404173099,-0.043590138,0.001018426320282373
2024-06-02,1.60458331023,-0.0383853981,0.00043152812806535046
2024-06-03,1.60235408255,-0.0310256438,9.012898441040917e-05
2024-06-04,1.60562612199,0.0102201876,0.00011064537384308792
2024-06-05,1.60847562893,0.0641708256,0.0005497283998994185
2024-06-06,1.61037854885,0.1167201996,0.001406277125417521
2024-06-07,1.61186293849,0.0904470239,0.001944070471183057
2024-06-08,1.61510433864,0.1106260765,0.0025713089267664913
2024-06-09,1.6155634251,0.1098011487,0.003190559808942117
2024-06-10,1.61609542268,0.1374134013,0.004000492170740388
2024-06-11,1.61282870103,0.0720257904,0.004323617752852726
2024-06-12,1.61106382662,0.0258819769,0.004264003062197208
2024-06-13,1.61366264893,0.0328410008,0.00423121985447894
2024-06-14,1.61457126342,0.0270832493,0.0040825659005379045
2024-06-15,1.61514830531,0.0004396667,0.003803364391485653
2024-06-16,1.61245180377,-0.0311162133,0.00332987943051255
2024-06-17,1.61338151448,-0.027139082,0.0029242526135930813
2024-06-18,1.61175143284,-0.0107726819,0.0027679025761762066
2024-06-19,1.61626331989,0.0519949327,0.0030656878112533814
2024-06-20,1.61415971304,0.0049706411,0.0029281596090744433
2024-06-21,1.61519610218,0.0062483876,0.002795905753878003
2024-06-22,1.61802128537,0.0287298006,0.002815030188744627
2024-06-23,1.61819802934,0.0574622557,0.0030468823184159888
2024-06-24,1.61534043233,0.0195891785,0.003076571556936969
2024-06-25,1.61480169058,0.0305025774,0.003214660000141034
2024-06-26,1.61508060337,-0.0118271652,0.0029100375751853758
2024-06-27,1.61544966368,0.0128995064,0.0027994003383218224
2024-06-28,1.61450403062,-0.0069207156,0.0024799803929629327
2024-06-29,1.61206848738,-0.0595279799,0.0016756304595957339
2024-06-30,1.61187235192,-0.0632567742,0.0009278130252126093
2024-07-01,1.60945037917,-0.0589005316,0.00029421675923679835
2024-07-02,1.61152098386,-0.0328070672,-0.00013973470480355132
2024-07-03,1.61070872276,-0.0437188061,-0.0006994406382374585
2024-07-04,1.61139126656,-0.0405839712,-0.0011777711598051077
2024-07-05,1.6146835798,0.0017954918,-0.001289955708135504
2024-07-06,1.61833630712,0.0626781974,-0.000899324079740027
2024-07-07,1.6190496837,0.0717733178,-0.0004124188180598676
2024-07-08,1.61926295956,0.0981258039,0.00037006188979993304
2024-07-09,1.6193262898,0.0780530594,0.0009829794333193753
2024-07-10,1.62233807164,0.1162934888,0.0018828470307046263
2024-07-11,1.62689450789,0.1550324133,0.0029632132813504075
2024-07-12,1.62661908303,0.1193550323,0.0036966505266873284
2024-07-13,1.62371731867,0.0538101155,0.003964167494990178
2024-07-14,1.62650575745,0.0745607375,0.004376033003286706
2024-07-15,1.63049763892,0.1123467936,0.005050799107703785
2024-07-16,1.63122301832,0.1189672852,0.005712689367517898
2024-07-17,1.63413061236,0.1179254072,0.006323870201776494
2024-07-18,1.63588206114,0.0898755325,0.006616934381477035
2024-07-19,1.6357628431,0.0914376007,0.007019449106290265
2024-07-20,1.64527516163,0.2155784296,0.008275166706360748
2024-07-21,1.64530568555,0.187999281,0.009307213028843853
2024-07-22,1.64523908156,0.1474144264,0.010040700565292049
2024-07-23,1.64634383035,0.1512081203,0.010787490432443647
2024-07-24,1.64856853485,0.1443792249,0.011367900971027467
2024-07-25,1.64686391474,0.109818536,0.011668028514290274
2024-07-26,1.6423878359,0.066249928,0.011683744777569283
2024-07-27,1.64475350506,-0.0052165657,0.011030835186881083
2024-07-28,1.64648418598,0.0117850043,0.010472488247103007
2024-07-29,1.64627073159,0.0103165003,0.009856105330560583
2024-07-30,1.642683578,-0.0366025235,0.008899552830808455
2024-07-31,1.64232620461,-0.0624233024,0.007675679924386891
2024-08-01,1.64178253681,-0.0508137793,0.0066087170896758085
2024-08-02,1.63783124544,-0.0455659046,0.005653348371654987
2024-08-03,1.63897394878,-0.0577955628,0.004582743797094224
2024-08-04,1.63972499496,-0.0675919102,0.003479753441621991
2024-08-05,1.64120959593,-0.0506113566,0.0025703926275439937
2024-08-06,1.64201344493,-0.0067013307,0.0020431778400751277
2024-08-07,1.64677308491,0.044468803,0.0018700473358137515
2024-08-08,1.6630481591,0.2126562229,0.0028323816112774125
2024-08-09,1.6593848523,0.2155360686,0.003954199311850148
2024-08-10,1.66159933835,0.2262538957,0.005215363074076107
2024-08-11,1.65770346674,0.1797847178,0.0061446356637133714
2024-08-12,1.66192290482,0.2071330889,0.007164958744223293
2024-08-13,1.66565469632,0.2364125139,0.008418618704811864
2024-08-14,1.66900785806,0.2223477315,0.009561340506641258
2024-08-15,1.6753687258,0.123205667,0.009727863924831714
2024-08-16,1.67765770407,0.1827285177,0.010422126680157628
2024-08-17,1.68369225408,0.2209291573,0.011358217454658481
2024-08-18,1.68460010364,0.268966369,0.012686685631241312
2024-08-19,1.68443132874,0.2250842392,0.013831400407447347
2024-08-20,1.6841612935,0.1850659718,0.014635148905582485
2024-08-21,1.68848538831,0.1947753025,0.015431659573873713
2024-08-22,1.69118178408,0.1581305828,0.01587864340323608
2024-08-23,1.69263047176,0.1497276769,0.016268345939571383
2024-08-24,1.69883581761,0.1514356353,0.016510732322382538
2024-08-25,1.70231397636,0.1771387272,0.016811278884647507
2024-08-26,1.70213266598,0.1770133724,0.017161871955233554
2024-08-27,1.69955364574,0.1539235224,0.0174015017943856
2024-08-28,1.69890982038,0.1042443207,0.01722419085949478
2024-08-29,1.70115356302,0.0997177894,0.016890268449929913
2024-08-30,1.70334445516,0.107139834,0.0165688865044622
2024-08-31,1.7024845226,0.0364870499,0.015652167306842157
2024-09-01,1.69946916929,-0.0284480707,0.014165709600252985
2024-09-02,1.70418397905,0.0205131307,0.013027570693963542
2024-09-03,1.70283831087,0.0328466513,0.012039213966197782
2024-09-04,1.69910551827,0.0019569789,0.010895648158676385
2024-09-05,1.70232423696,0.0117067394,0.009789113962952456
2024-09-06,1.69941539563,-0.0392905953,0.008406238281690515
2024-09-07,1.69904818165,-0.0343634095,0.0073987909359944926
2024-09-08,1.70163319428,0.0216402499,0.006742184990709443
2024-09-09,1.70133481632,-0.0284916273,0.005713023418853158
2024-09-10,1.70806850679,0.0523019592,0.005156999350556468
2024-09-11,1.70674813534,0.0764261707,0.0049149695093082535
2024-09-12,1.70692881346,0.046045765,0.00448755388487565
2024-09-13,1.70468448193,0.052690863,0.004227177138041105
2024-09-14,1.71234624229,0.1329806064,0.0046169772962803
2024-09-15,1.7191097577,0.1747656342,0.005269248022249817
2024-09-16,1.71562484162,0.142900253,0.0058404707564065905
2024-09-17,1.71199690562,0.0392839883,0.005630441829109323
2024-09-18,1.71799005815,0.1124192281,0.005912989669261792
2024-09-19,1.72020046369,0.1327165023,0.0063165229563111325
2024-09-20,1.71919152412,0.1450704219,0.006927982114893094
2024-09-21,1.72497426341,0.1262802112,0.007320597524823613
2024-09-22,1.72739970103,0.0828994333,0.007330449795823535
2024-09-23,1.72650832914,0.1088348752,0.007696721883711177
2024-09-24,1.72551430742,0.135174018,0.008370736350768349
2024-09-25,1.7258126029,0.0782254475,0.00855883211568198
2024-09-26,1.72812618623,0.0792572254,0.008659195492558558
2024-09-27,1.73266001056,0.1346848644,0.009120335578216787
2024-09-28,1.73009394186,0.0511967845,0.00897897776670864
2024-09-29,1.7303527705,0.0295306947,0.008695066115156136
2024-09-30,1.73024265161,0.0373432247,0.008461849457396253
2024-10-01,1.72378242597,-0.0173188145,0.007841125924582748
2024-10-02,1.72789567579,0.0208307289,0.0075503411496746775
2024-10-03,1.72914918087,0.0102299464,0.007120793307038964
2024-10-04,1.72780036783,-0.0485964273,0.006155928055340709
2024-10-05,1.72815426984,-0.0193967202,0.005490682398193059
2024-10-06,1.73598107084,0.0562830034,0.005245618116447526
2024-10-07,1.72376510574,-0.0647754587,0.004226568477550652
2024-10-08,1.72954814246,0.0576571649,0.004162239506340537
2024-10-09,1.73044523995,0.0254956416,0.0038080503333517424
2024-10-10,1.73082822344,0.0167904257,0.003505355498338858
2024-10-11,1.72703121103,-0.007691568,0.0030481113193079334
2024-10-12,1.73074844599,0.0259417615,0.00280125443778223
2024-10-13,1.7335344861,-0.0244658474,0.002039983421687541
2024-10-14,1.73668844168,0.1292333594,0.0026383073589568706
2024-10-15,1.72949914845,-0.0004899401,0.0024332029461968663
2024-10-16,1.73005694633,-0.0038829362,0.0021219432474242073
2024-10-17,1.72718746895,-0.0364075449,0.0015273186520441406
2024-10-18,1.72696563156,-0.0006557947,0.0013485276756335374
2024-10-19,1.73016199013,-0.0058645586,0.0011077193827722098
2024-10-20,1.73039022692,-0.0314425918,0.0006318010033095067
2024-10-21,1.72935767308,-0.073307686,-5.8382865766981595e-05
2024-10-22,1.73120828866,0.0170914021,9.399629959938594e-06
2024-10-23,1.72991391615,-0.0014303018,-6.80556744467875e-05
2024-10-24,1.72479951311,-0.0238795584,-0.00025153583204173824
2024-10-25,1.71844545718,-0.0852017438,-0.00081346055291176
2024-10-26,1.7271873302,-0.0297465993,-0.0010411368194704895
2024-10-27,1.72799454395,-0.0239568297,-0.0011492279882148182
2024-10-28,1.73224136155,0.0288368847,-0.0009523233069723691
2024-10-29,1.72462649364,-0.0658179502,-0.0013858834304490975
2024-10-30,1.73067100212,0.0075708597,-0.0013315724353560876
2024-10-31,1.7332140521,0.0841453899,-0.0008179726167253376
2024-11-01,1.72720022137,0.0875476419,-8.128916222560623e-05
2024-11-02,1.73173741744,0.0455008724,0.0002447170182917624
2024-11-03,1.73244129539,0.0444675144,0.000522567449233069
2024-11-04,1.73542155968,0.0318019813,0.0006451039656234503
2024-11-05,1.7495336241,0.2490713046,0.002440449668445588
2024-11-06,1.75074116882,0.200701667,0.0035760804629754173
2024-11-07,1.76828482946,0.3507077736,0.0057202254040433775
2024-11-08,1.77553806794,0.4833784657,0.008831167057664846
2024-11-09,1.78719506592,0.5545764848,0.012303626251995103
2024-11-10,1.78744309393,0.5500179854,0.015652281341938634
2024-11-11,1.8000878027,0.6466624302,0.019612382567202324
2024-11-12,1.80643657263,0.5690294853,0.022855720024576698
2024-11-13,1.808158703,0.5741753418,0.026160223247697623
2024-11-14,1.81861806222,0.5033323276,0.028530161178406344
2024-11-15,1.84109981816,0.6556175022,0.031704015992449985
2024-11-16,1.84310585308,0.5591078716,0.033983235398917344
2024-11-17,1.8466376257,0.5919453177,0.036445385439000555
2024-11-18,1.85097558082,0.5088777812,0.038201010188132045
2024-11-19,1.85332603631,0.4688946368,0.03958384169570395
2024-11-20,1.86007041587,0.5191171287,0.04121290698121305
2024-11-21,1.8781510079,0.5953294568,0.043129230686584474
2024-11-22,1.88640926312,0.4530944496,0.043707976328870135
2024-11-23,1.90554226356,0.6243641048,0.045179716098915135
2024-11-24,1.92343276766,0.7679514196,0.04731318456108613
2024-11-25,1.9268609167,0.7588533588,0.04946150471708144
2024-11-26,1.91593207627,0.6260603996,0.050772161328873855
2024-11-27,1.91959798142,0.5952756555,0.051842551503010315
2024-11-28,1.93548032168,0.5732931378,0.052280265534006665
2024-11-29,1.94470785012,0.58298587,0.05272925929232164
2024-11-30,1.95226961394,0.4672735038,0.05217813718397091
2024-12-01,1.93337865522,0.0994588756,0.04902424582852993
2024-12-02,1.93615271485,0.0929179815,0.04587650702256307
2024-12-03,1.94547160106,0.2953952479,0.04414886769919235
2024-12-04,1.94890717971,0.2930919829,0.04240824680612021
2024-12-05,1.96204128594,0.2656096426,0.04048910417654428
2024-12-06,1.96782568435,0.2311783423,0.03823809087186514
2024-12-07,1.97924964661,0.2698003267,0.03640924742972018
2024-12-08,1.98355887408,0.5018021886,0.03639979149934347
2024-12-09,1.99248240306,0.5632968821,0.03690289035191552
2024-12-10,1.99316394803,0.4769234697,0.036746891212331434
2024-12-11,1.99712913703,0.4822195732,0.03678844803880832
2024-12-12,2.01956479211,0.5752350617,0.03723244223929156
2024-12-13,2.02440302189,0.5657733754,0.037547030953480665
2024-12-14,2.03339773082,0.5414808421,0.03770598196639541
2024-12-15,2.03618879663,0.5262992255,0.03810312340677258
2024-12-16,2.03714779032,0.4466538726,0.03793164633914814
2024-12-17,2.04220381487,0.4903986684,0.03805431457077346
2024-12-18,2.04416930837,0.4704017134,0.038072265980983566
2024-12-19,2.04644643614,0.2688164403,0.03662637906166499
2024-12-20,2.05149267331,0.2708965142,0.035234712139213364
2024-12-21,2.05208138268,0.1868365186,0.033549650705937184
2024-12-22,2.05252435304,0.1633555641,0.03184084612679716
2024-12-23,2.05923285958,0.2208506926,0.030769144928986636
2024-12-24,2.0543145448,0.1211072993,0.02938079553392825
2024-12-25,2.05857005896,0.1440075059,0.02814811053522348
2024-12-26,2.06127176213,0.1482532599,0.02671808585308466
2024-12-27,2.06623296095,0.1474028764,0.025266855423939916
2024-12-28,2.0688935702,0.1681218752,0.024194148268188442
2024-12-29,2.06659537419,0.1407102115,0.023126908394073498
2024-12-30,2.06196093696,0.0272807738,0.02146723632028058
2024-12-31,2.05508945173,0.0077490693,0.0194737104788143
2025-01-01,2.04862085942,-0.0994919954,0.016887011868006452
2025-01-02,2.04414239273,-0.171293694,0.014034413627066034
2025-01-03,2.06332544531,-0.0290751564,0.011928909740175353
2025-01-04,2.0806936754,0.118001052,0.010792278069876371
2025-01-05,2.08025095986,0.1365558567,0.00989251147850756
2025-01-06,2.0796953968,0.1773445984,0.0094779625841106
2025-01-07,2.08239493879,0.2730548706,0.00975867297477051
2025-01-08,2.07704601834,0.2842515892,0.010350715631664453
2025-01-09,2.07805062138,0.3390822865,0.01131716553014872
2025-01-10,2.07546916076,0.1214371545,0.010876623100917415
2025-01-11,2.07725589622,-0.0343777918,0.00969377143559269
2025-01-12,2.07618946036,-0.040614995,0.008566222476385388
2025-01-13,2.079207754,-0.004876428,0.007785510056349754
2025-01-14,2.07838764074,-0.0400729805,0.006821010482398471
2025-01-15,2.08135939918,0.0431338084,0.006400830837138161
2025-01-16,2.08992402231,0.1187340093,0.006446972255691685
2025-01-17,2.09208658604,0.1661742528,0.006817568325272472
2025-01-18,2.10926734397,0.3201144775,0.008008241231018953
2025-01-19,2.10903162038,0.3284216002,0.009339539352646531
2025-01-20,2.11274463186,0.3353687786,0.010665477738567297
2025-01-21,2.11327644213,0.3488880139,0.012080419488603278
2025-01-22,2.14045422942,0.5909483024,0.014823460764787466
2025-01-23,2.15350656687,0.6358254456,0.017574525296140342
2025-01-24,2.16099776725,0.6891118121,0.020629118512147437
2025-01-25,2.1671399031,0.5787255913,0.022862639008781382
2025-01-26,2.16753703548,0.585054151,0.02520636922246644
2025-01-27,2.16716409534,0.5441946348,0.027313591970276274
2025-01-28,2.16928285181,0.5600640968,0.029450036474843344
2025-01-29,2.17385746346,0.3340323404,0.029893335536503418
2025-01-30,2.17596957999,0.2246301312,0.029446790460035732
2025-01-31,2.18256562782,0.2156786057,0.028729130812523263
2025-02-01,2.18455297982,0.1741307672,0.027629281478353418
2025-02-02,2.1853830887,0.1784605322,0.02685968475628675
2025-02-03,2.18587607402,0.1871197868,0.026423094748720066
2025-02-04,2.19374469433,0.2446184252,0.026240452499244338
2025-02-05,2.22051413894,0.4665667548,0.027107292477118294
2025-02-06,2.23373931418,0.5776973419,0.028544437850473114
2025-02-07,2.23818420801,0.5561858019,0.02967442822177624
2025-02-08,2.24950101702,0.649480372,0.031254255253771346
2025-02-09,2.25031718797,0.6493409927,0.03277046869804301
2025-02-10,2.25170762186,0.6583154784,0.034344186142549304
2025-02-11,2.25340132526,0.5965663093,0.035458122625533495
2025-02-12,2.25381304599,0.3329890705,0.03487347763183868
2025-02-13,2.25620900266,0.2246968848,0.033530554004701285
2025-02-14,2.25802033915,0.1983613114,0.032040892455531544
2025-02-15,2.26125861619,0.1175759917,0.030115622618745785
2025-02-16,2.26268946648,0.1237227851,0.02825180944137795
2025-02-17,2.26488723092,0.1317960906,0.0266830733128407
2025-02-18,2.26212139024,0.0872006498,0.02487200432939196
2025-02-19,2.26121604808,0.0740300209,0.023055427172435916
2025-02-20,2.26932674988,0.1311774722,0.02149904626706456
2025-02-21,2.26847231393,0.1045197478,0.020207782288912846
2025-02-22,2.2754089342,0.1415031801,0.019252506696776583
2025-02-23,2.27325818725,0.1056872077,0.018217933560636945
2025-02-24,2.27476345873,0.0987622781,0.01721296080020962
2025-02-25,2.26874207602,0.0662068578,0.016100366150085144
2025-02-26,2.25759348335,-0.0362256473,0.014500002488384789
2025-02-27,2.2517741386,-0.1755261128,0.012135187568155015
2025-02-28,2.25161346471,-0.1685884922,0.009891439516113598
2025-03-01,2.26032239792,-0.1508653628,0.00766695023354913
2025-03-02,2.2532153544,-0.2004283285,0.005337342366063869
2025-03-03,2.25301666197,-0.2174679676,0.0029369062876913876
2025-03-04,2.25438430591,-0.1435777011,0.0010020398651866547
2025-03-05,2.25983312062,0.0223963727,4.9499881582981686e-05
2025-03-06,2.26980107993,0.1802694133,6.719310997982397e-05
2025-03-07,2.27062875428,0.1901528957,0.0005301778591531026
2025-03-08,2.28158110544,0.2125870752,0.0011677989719693915
2025-03-09,2.28243600121,0.2922064681,0.0023603469561670476
2025-03-10,2.28131178715,0.2829512518,0.0036768126229915765
2025-03-11,2.27741734305,0.2303303714,0.004729712834186772
2025-03-12,2.28519466356,0.2536154294,0.005834095494896774
2025-03-13,2.28905841953,0.192573396,0.006520472423998669
2025-03-14,2.29096993176,0.2034117748,0.0072522062306281665
2025-03-15,2.29880901884,0.172279134,0.007706523131359999
2025-03-16,2.30024790567,0.1781190446,0.0082025305878346
2025-03-17,2.29986039588,0.1854860873,0.008797917999797011
2025-03-18,2.30174803802,0.2433069497,0.009749276551366703
2025-03-19,2.30502140134,0.1982673778,0.010400703179776594
2025-03-20,2.31086392639,0.2180550686,0.011048096928377937
2025-03-21,2.30966122641,0.1869129465,0.011503633477350395
2025-03-22,2.31752488249,0.1871586365,0.01196372082587005
2025-03-23,2.32698950621,0.2674160054,0.012773118960826668
2025-03-24,2.33050253726,0.3064214138,0.013875881246491861
2025-03-25,2.34065976598,0.3891172796,0.015311617943105427
2025-03-26,2.3516975698,0.4667616846,0.01708816200383967
2025-03-27,2.35304008482,0.4217615843,0.018470887740663855
2025-03-28,2.34667415014,0.3701292373,0.019457733210603845
2025-03-29,2.34090413489,0.233792524,0.019593193454742197
2025-03-30,2.34331224617,0.1632273996,0.0192519558279598
2025-03-31,2.34280359997,0.1230106271,0.018798058860421296
2025-04-01,2.34482506693,0.0416530095,0.01770668150744692
2025-04-02,2.34694398752,-0.0475358228,0.01603223988400293
2025-04-03,2.35093001463,-0.0211007019,0.014487398110198058
2025-04-04,2.35228590039,0.0561175025,0.013483105174800114
2025-04-05,2.34740041818,0.0649628329,0.01275233055718017
2025-04-06,2.34439352292,0.0108127675,0.011745486256337756
2025-04-07,2.3398520001,-0.0295159987,0.010717466222420757
2025-04-08,2.33604922064,-0.0877584629,0.009400544687325096
2025-04-09,2.33231576421,-0.1462822331,0.007763801965300576
2025-04-10,2.33352338761,-0.1740662702,0.005885362782491299
2025-04-11,2.33215133212,-0.2013456827,0.003974081875194768
2025-04-12,2.33086923267,-0.1653118551,0.002360056944296085
2025-04-13,2.33448462051,-0.0990890241,0.00112934059047487
2025-04-14,2.33248483158,-0.0736716852,0.00019639683099526017
2025-04-15,2.3321439849,-0.0390523574,-0.0004983287296845829
2025-04-16,2.33665967218,0.0434390797,-0.0007576366906403287
2025-04-17,2.33873583938,0.0521245177,-0.00096624840789028
2025-04-18,2.34395500582,0.118036737,-0.0007995282866697373
2025-04-19,2.3386150529,0.0774582023,-0.0007215917569635133
2025-04-20,2.33911644111,0.046318206,-0.0008581413234930446
2025-04-21,2.34089508689,0.0841025531,-0.0006773313644121703
2025-04-22,2.34258292897,0.1043894407,-0.0002621343314828106
2025-04-23,2.35459611046,0.1793643828,0.0004892823776585509
2025-04-24,2.35981504663,0.2107920725,0.001502244202595815
2025-04-25,2.37036149661,0.2640649079,0.0028465107589270566
2025-04-26,2.37660904277,0.3799398987,0.004826352670906919
2025-04-27,2.3829384634,0.4382202229,0.00697824113530543
2025-04-28,2.39013370275,0.4923861586,0.009271826108092851
2025-04-29,2.39712171116,0.5453878219,0.011818887671960931
2025-04-30,2.41180558318,0.5720947272,0.014305833047395078
2025-05-01,2.41443031348,0.5461526685,0.016621711422856622
2025-05-02,2.41595190799,0.4559041138,0.01839420741168496
2025-05-03,2.42009915948,0.4349011671,0.020033642669688545
2025-05-04,2.42384151194,0.4090304854,0.0214788180526162
2025-05-05,2.42349797669,0.3336427394,0.022399626204929968
2025-05-06,2.42230388429,0.2518217313,0.02279806024913089
2025-05-07,2.41455689677,0.0275131359,0.0218882563512639
2025-05-08,2.415935758,0.0150544452,0.020830864899280988
2025-05-09,2.42231928019,0.063673722,0.019923612069700836
2025-05-10,2.42114218658,0.010430271,0.018732616246168954
2025-05-11,2.42333204415,-0.0050946779,0.017400538052521064
2025-05-12,2.42340949944,-0.0008847725,0.01607777595258697
2025-05-13,2.41801338812,-0.0429049617,0.014634543079635076
2025-05-14,2.41655195969,0.0199506292,0.013563126543606696
2025-05-15,2.4206830461,0.047472881,0.012595552678721367
2025-05-16,2.42628688316,0.0396760297,0.011568502475208131
2025-05-17,2.43171324866,0.1057106208,0.010890523417598663
2025-05-18,2.43229088801,0.0895884386,0.010183450365831792
2025-05-19,2.43376340077,0.1035390133,0.009465650064076403
2025-05-20,2.43314587499,0.1513248687,0.00904910926322744
2025-05-21,2.43635195664,0.1979999695,0.008890500521636202
2025-05-22,2.44659945707,0.2591641097,0.008975179705950964
2025-05-23,2.45182899732,0.2554211416,0.009131928191422167
2025-05-24,2.45505979619,0.2334654753,0.009186248179701595
2025-05-25,2.4580022943,0.2571140629,0.009485531653415924
2025-05-26,2.45809475125,0.2433135048,0.009788229035828211
2025-05-27,2.46049062729,0.273447523,0.01032216471963543
2025-05-28,2.45823269372,0.2188073708,0.010664787087364624
2025-05-29,2.45819342964,0.1159397257,0.010499812129220132
2025-05-30,2.45996577028,0.0813677296,0.010310843430847205
2025-05-31,2.46152829074,0.0646849455,0.010038929259472695
2025-06-01,2.46279761097,0.0479531667,0.009672742166884962
2025-06-02,2.465321783,0.0722703175,0.009471921686450724
2025-06-03,2.47166214763,0.1117152034,0.009466515454374269
2025-06-04,2.4785345658,0.2030187208,0.009895942542721858
2025-06-05,2.48259559151,0.2440216187,0.010492031144702763
2025-06-06,2.48048037349,0.2051460321,0.010782425411922647
2025-06-07,2.48713663594,0.256083452,0.011296910097296387
2025-06-08,2.49050714815,0.2770953718,0.011974385763125817
2025-06-09,2.49064344586,0.2532166286,0.012493432222330236
2025-06-10,2.49414859695,0.2248644932,0.012828411189288236
2025-06-11,2.49156371387,0.1302914807,0.012649481232182458
2025-06-12,2.49716927291,0.145736814,0.012409635606966285
2025-06-13,2.49669631095,0.1621593746,0.01225203706865785
2025-06-14,2.50476235662,0.1762572068,0.01212262625207039
2025-06-15,2.50342978961,0.1292264146,0.01181606808734581
2025-06-16,2.50343752427,0.1279407841,0.011576676073940195
2025-06-17,2.502534875,0.0838627805,0.011103253233896604
2025-06-18,2.50433347599,0.1276976212,0.010879318626880075
2025-06-19,2.50468503373,0.0751576082,0.010339641745836126
2025-06-20,2.50357108944,0.0687477849,0.009822718559195476
2025-06-21,2.5013619736,-0.0340038302,0.00888404771018636
2025-06-22,2.5012433945,-0.0218639511,0.008088973131505695
2025-06-23,2.50303511722,-0.0040240705,0.0074169772308871895
2025-06-24,2.49753988224,-0.0499499276,0.006595825684230006
2025-06-25,2.51521813382,0.1088465783,0.006450425513211622
2025-06-26,2.51348306733,0.087980336,0.006241170168803878
2025-06-27,2.51516649223,0.1159540279,0.006139560996478499
2025-06-28,2.51832635628,0.1696438268,0.006302688149047775
2025-06-29,2.52160684979,0.2036345529,0.006639862112472139
2025-06-30,2.52156075041,0.1852563319,0.006892976786361693
2025-07-01,2.52436561429,0.2682573205,0.0075994412890090235
2025-07-02,2.52701295109,0.1179481727,0.007444729656024274
2025-07-03,2.53099356566,0.1751049833,0.0076480640879124095
2025-07-04,2.53405556029,0.1888906806,0.00798077616289583
2025-07-05,2.53557849247,0.1725213619,0.008253751022304634
2025-07-06,2.53786353754,0.1625668775,0.008410709342853373
2025-07-07,2.53816961684,0.1660886643,0.008672493567111417
2025-07-08,2.53993865066,0.1557303637,0.008896463378186947
2025-07-09,2.53924548616,0.1223253507,0.008941420013434787
2025-07-10,2.54391044062,0.1291687496,0.00900967393444052
2025-07-11,2.55539216236,0.2133660207,0.009367637952248709
2025-07-12,2.5649805661,0.2940207363,0.010129009619225027
2025-07-13,2.56770065955,0.2983712201,0.010871000978815992
2025-07-14,2.56927551329,0.3110589645,0.011770095112370926
2025-07-15,2.56568742072,0.2574877006,0.012394906011693019
2025-07-16,2.55538105319,0.1613556703,0.012613289180317455
2025-07-17,2.58232245738,0.3841201676,0.013717275020719066
2025-07-18,2.5903677867,0.3497562434,0.014541819320963656
2025-07-19,2.59500666994,0.3002610384,0.015028595512595944
2025-07-20,2.59854885638,0.3084819683,0.015498403516886583
2025-07-21,2.60230805374,0.3303254045,0.01601026121056104
2025-07-22,2.60679793861,0.4111051789,0.01691253416226779
2025-07-23,2.61168600413,0.5630495094,0.018622144130199025
2025-07-24,2.62178016608,0.394577087,0.019177317541770655
2025-07-25,2.63321813085,0.4285034415,0.020003007777120274
2025-07-26,2.63122159504,0.362149251,0.02045973789943334
2025-07-27,2.63732040629,0.3877154991,0.02099882567989586
2025-07-28,2.64086538563,0.3855733189,0.021519200901033875
2025-07-29,2.64046832553,0.3367038692,0.021815439672923098
2025-07-30,2.64100899563,0.293229915,0.02186217941982349
2025-07-31,2.64753188478,0.257517187,0.021662214042846184
2025-08-01,2.65296404365,0.197459128,0.021094590936033608
2025-08-02,2.65614268206,0.2492108702,0.020824648723987815
2025-08-03,2.65620780697,0.1888740068,0.020262734458957876
2025-08-04,2.66176304023,0.208976546,0.01976033044488479
2025-08-05,2.66669761563,0.262292901,0.01951749739630193
2025-08-06,2.66822029889,0.2721130326,0.019313404009869695
2025-08-07,2.66945968472,0.2192779994,0.01882795612478816
2025-08-08,2.67896624605,0.260022024,0.018434220992393335
2025-08-09,2.68491313815,0.2877045609,0.01817612903339838
2025-08-10,2.69214061159,0.3593280462,0.018363507492831
2025-08-11,2.68593131005,0.2416826982,0.01811521130841154
2025-08-12,2.69326835373,0.265707381,0.017938487693957894
2025-08-13,2.70201765478,0.3379735589,0.0180612924174941
2025-08-14,2.71845531691,0.4899563219,0.018747779459966862
2025-08-15,2.73493489005,0.55968644,0.019464052774992746
2025-08-16,2.75014904184,0.6523590369,0.02082577966808441
2025-08-17,2.74972260351,0.5758199192,0.021879352994911727
2025-08-18,2.75790510002,0.7197378997,0.02365447382594299
2025-08-19,2.75812585466,0.6485750093,0.02508436622121657
2025-08-20,2.75771442594,0.5569677116,0.026073012460261724
2025-08-21,2.7617331308,0.4327781389,0.026402377254323817
2025-08-22,2.75057591747,0.1564102742,0.02546537193674303
2025-08-23,2.74962197369,-0.0052706815,0.023813477676074335
2025-08-24,2.76299879221,0.132761887,0.022873901434329102
2025-08-25,2.76370506286,0.0579996284,0.02150762401545747
2025-08-26,2.7822599213,0.2413406664,0.020957623430982286
2025-08-27,2.78504023383,0.2732580789,0.020587476201961108
2025-08-28,2.79040806768,0.2867493688,0.020217418233252404
2025-08-29,2.81412367276,0.6354775529,0.021390562534501
2025-08-30,2.81585567743,0.6623370374,0.022759421883724373
2025-08-31,2.81944346571,0.564446735,0.02363370375022633
2025-09-01,2.82686293437,0.6315787151,0.02480192317618668
2025-09-02,2.82684245193,0.4458253063,0.02499882770167039
2025-09-03,2.81836399239,0.3332375856,0.024784120704109736
2025-09-04,2.83688206224,0.4647399456,0.025083999059617446
2025-09-05,2.86313792548,0.4901425272,0.025207839033088986
2025-09-06,2.84757884073,0.317231633,0.024645620166636295
2025-09-07,2.84818343475,0.2873996904,0.024041687247816634
2025-09-08,2.84585046087,0.189875265,0.023040227867312968
2025-09-09,2.84745707867,0.2061462674,0.022195005713447014
2025-09-10,2.85247331158,0.3410931919,0.021907368273592853
2025-09-11,2.85363251123,0.1675044899,0.0208083419429943
2025-09-12,2.86157339023,-0.0156453525,0.018788357171927617
2025-09-13,2.87534917991,0.2777033918,0.018302961534516715
2025-09-14,2.88245602459,0.3427258984,0.0182633361161062
2025-09-15,2.88274245451,0.3689199364,0.01853699307899781
2025-09-16,2.88579485476,0.3833777609,0.018841166124426323
2025-09-17,2.89363051654,0.4115720496,0.019291262883784244
2025-09-18,2.89558133236,0.4194882113,0.01975912243120903
2025-09-19,2.90675270652,0.4517931629,0.020249340313810427
2025-09-20,2.91461630809,0.3926712818,0.020393979105113313
2025-09-21,2.91665329963,0.3419727504,0.020125353333402485
2025-09-22,2.91661009937,0.3386764486,0.01983036413026973
2025-09-23,2.92535744846,0.395625937,0.01987681164844024
2025-09-24,2.93351615613,0.3988563959,0.01985060118706805
2025-09-25,2.94150180471,0.4592047235,0.02025094317598164
2025-09-26,2.94304336065,0.3629065413,0.020185058946834644
2025-09-27,2.95041971522,0.3580340713,0.020071445091447204
2025-09-28,2.9523937106,0.3574041097,0.020211845582589927
2025-09-29,2.95478566563,0.3817556626,0.02046463892317396
2025-09-30,2.96291148287,0.3755403441,0.020632436380696006
2025-10-01,2.97714221754,0.4362606141,0.02101934655815829
2025-10-02,2.98622919642,0.4472739171,0.021352231456008175
2025-10-03,2.99806658268,0.5502322203,0.021952033793223302
2025-10-04,3.01350640844,0.6308669322,0.02298113050341044
2025-10-05,3.01877717002,0.6638345942,0.024413205966450358
2025-10-06,3.0141199348,0.5933426917,0.025367932174729546
2025-10-07,3.02085456597,0.579430831,0.026179512396578897
2025-10-08,3.02876451165,0.5162229411,0.026560571417482803
2025-10-09,3.02868392669,0.4245473027,0.02651417626807384
2025-10-10,3.03090508831,0.3283850563,0.026034058154926543
2025-10-11,3.03410533244,0.20598924,0.02493983329708871
2025-10-12,3.02972158411,0.1094441409,0.02352589923410764
2025-10-13,3.03028740494,0.1616747014,0.022521125994295677
2025-10-14,3.0391566428,0.1830207683,0.02160238719574581
2025-10-15,3.05124464206,0.2248013041,0.02075257826686383
2025-10-16,3.05939900555,0.3071507886,0.0202426591008269
2025-10-17,3.06015698187,0.2925189356,0.019745289198146443
2025-10-18,3.06286156144,0.28756229,0.01921751995361287
2025-10-19,3.0631201454,0.3339856129,0.019036839577445397
2025-10-20,3.06587643915,0.3558903421,0.019018894788057183
2025-10-21,3.06544425345,0.2628761065,0.01858677352686766
2025-10-22,3.07590159958,0.2465695752,0.017960327184963987
2025-10-23,3.06994717627,0.1054817072,0.016833011749415983
2025-10-24,3.07189992479,0.1174294292,0.015835384145524767
2025-10-25,3.07814045219,0.1527889075,0.01502732665778872
2025-10-26,3.07573235644,0.1261221104,0.014140013676787522
2025-10-27,3.07431903951,0.0844260036,0.013156781352850588
2025-10-28,3.0708105099,0.0536625645,0.012092425248280803
2025-10-29,3.07263058005,-0.0327101953,0.010631419512898033
2025-10-30,3.065398447,-0.0454872927,0.009283923803848015
2025-10-31,3.06158802866,-0.1031189613,0.00786818361722652
2025-11-01,3.06187170641,-0.1626874578,0.006272865838697239
2025-11-02,3.06337960587,-0.1235275057,0.004976831647543589
2025-11-03,3.06084774321,-0.134712963,0.0038272220882618058
2025-11-04,3.06032781837,-0.1048269153,0.002881909934852933
2025-11-05,3.04860668628,-0.2402389377,0.0013816622495519404
2025-11-06,3.04698830805,-0.1841013895,0.0002359572842078883
2025-11-07,3.03930980741,-0.2227822125,-0.0009200329127276863
2025-11-08,3.04277413803,-0.1909756838,-0.001965722335135256
2025-11-09,3.03740476805,-0.2597483782,-0.0032498796967355137
2025-11-10,3.03686470442,-0.2398303879,-0.004400223513477575
2025-11-11,3.03892897311,-0.2139884526,-0.0054996771432322955
2025-11-12,3.04255269259,-0.0605399369,-0.005915349236327416
2025-11-13,3.04189251739,-0.0509579066,-0.006182972699525502
2025-11-14,3.03674673455,-0.0256307286,-0.00614565820262758
2025-11-15,3.0298155126,-0.1295862543,-0.006430597950426997
2025-11-16,3.02914457999,-0.0826018806,-0.006480633679499026
2025-11-17,3.0257327367,-0.1113196772,-0.006598688831436106
2025-11-18,3.0227035349,-0.1622543821,-0.006919467454254091
2025-11-19,3.0218018713,-0.2075082129,-0.007412671988224484
2025-11-20,3.0196751673,-0.2221735009,-0.007956655450701344
2025-11-21,3.01833793332,-0.1840880123,-0.008194876964155773
2025-11-22,3.01547365353,-0.1434185907,-0.008276245009311678
2025-11-23,3.0172596624,-0.1188491759,-0.008240640918270592
2025-11-24,3.01489448177,-0.1083825493,-0.00806236904708757
2025-11-25,3.02790766006,0.0520412516,-0.007298033980147056
2025-11-26,3.03007933349,0.0827746219,-0.0064275278638799005
2025-11-27,3.03827976812,0.1860460082,-0.005198432626652427
2025-11-28,3.04248968539,0.2415175207,-0.003733729223135529
2025-11-29,3.04800437273,0.325307192,-0.002013540456797136
2025-11-30,3.04958401717,0.3232435477,-0.00036154486584316636
2025-12-01,3.04645436922,0.3155988745,0.0012924388092865335
2025-12-02,3.05490970597,0.2700204591,0.0026560312710950384
2025-12-03,3.06268437927,0.3260504578,0.004169896511727833
2025-12-04,3.06225550709,0.2397573897,0.005276691220824858
2025-12-05,3.0673078533,0.2481816791,0.006237786635916676
2025-12-06,3.06933080098,0.2132642825,0.0069940322535588795
2025-12-07,3.06898898994,0.1940497277,0.007578468910216962
2025-12-08,3.07088970859,0.2443533937,0.008416231642099925
2025-12-09,3.07428814748,0.1937844151,0.008918906619852507
2025-12-10,3.07587457249,0.1319019322,0.009107059141242768
2025-12-11,3.07684026354,0.1458475645,0.009372655679121822
2025-12-12,3.08678165021,0.1947379691,0.009797583391740972
2025-12-13,3.0872727940565996,0.17941993076599733,0.010137541233902203
