,net_flow,reserve,reserve_change,netflow_ma7,netflow_volatility
2023-12-15 14:14:26.852286,-3.6552453746994997,,,,
2023-12-16 14:14:26.852286,-44.577027579257624,,,,
2023-12-17 14:14:26.852286,16.160364321895003,,,,
2023-12-18 14:14:26.852286,-6.617349288814578,,,,
2023-12-19 14:14:26.852286,134.38076193543333,,,,
2023-12-20 14:14:26.852286,-24.828650607173994,,,,
2023-12-21 14:14:26.852286,-42.484231170067005,,,4.054088891045089,61.46805458048197
2023-12-22 14:14:26.852286,27.80932712004871,,,8.549027818866263,61.95882581763002
2023-12-23 14:14:26.852286,37.919573846399615,,,20.334256593960156,57.88118069375445
2023-12-24 14:14:26.852286,20.371599477376677,,,20.93586161617182,57.85244591284395
2023-12-25 14:14:26.852286,10.313940087990135,,,23.35461724142964,56.853798059796
2023-12-26 14:14:26.852286,-55.13726134515229,,,-3.719386084368309,36.736187265383684
2023-12-27 14:14:26.852286,-55.788700537403656,,,-8.142250360115403,41.28350172665339
2023-12-28 14:14:26.852286,3.6684671586034234,,,-1.549007741733914,38.47464653004096
2023-12-29 14:14:26.852286,27.903787877843346,,,-1.5355133477632517,38.486674366874276
2023-12-30 14:14:26.852286,-28.456605546928472,,,-11.017824689667265,35.180454620746104
2023-12-31 14:14:26.852286,105.45310756420363,,,1.1366764655937291,56.231730582991354
2024-01-01 14:14:26.852286,89.81123619550254,,,12.493433052381217,65.63557099704164
2024-01-02 14:14:26.852286,-22.409717377741266,,,17.16879647629708,61.01840569844687
2024-01-03 14:14:26.852286,31.664758636451566,,,29.66214778684782,51.855929849831895
2024-01-04 14:14:26.852286,-98.27386497120588,,,15.098957482589352,71.11208419167531
2024-01-05 14:14:26.852286,33.862807837495005,,,15.950246048253872,71.3262652202765
2024-01-06 14:14:26.852286,86.22517278290346,,,32.33335723822986,72.58600553224356
2024-01-07 14:14:26.852286,70.60183941335492,,,27.354604645251474,67.77023952707394
2024-01-08 14:14:26.852286,42.655967139932926,,,20.61813763731296,62.679705844726136
2024-01-09 14:14:26.852286,-4.09421655909712,,,23.234637754262117,60.94239736749601
2024-01-10 14:14:26.852286,-52.56809333219571,,,11.20137318731251,67.01398571753111
2024-01-11 14:14:26.852286,-21.417610738649486,,,22.180838077677713,50.30005879394061
2024-01-12 14:14:26.852286,13.059419684871507,,,19.208925484445782,50.10901697438954
2024-01-13 14:14:26.852286,-39.527677111338264,,,1.24423264241125,44.28163888303379
2024-01-14 14:14:26.852286,-75.49624521147379,,,-19.62692230399285,40.40331837790178
2024-01-15 14:14:26.852286,100.85866351129447,,,-11.312251393798347,57.6602847446886
2024-01-16 14:14:26.852286,21.617671134072943,,,-7.639124580488337,59.00012340063572
2024-01-17 14:14:26.852286,-117.09319802372427,,,-16.856996679278133,71.00808072062328
2024-01-18 14:14:26.852286,-16.930530206505154,,,-16.215985174686086,70.98029668165816
2024-01-19 14:14:26.852286,-31.823202594673837,,,-22.627788357478273,69.91420035493145
2024-01-20 14:14:26.852286,-10.141681742227462,,,-18.429789019033876,69.61190834071003
2024-01-21 14:14:26.852286,124.76786810067566,,,10.179370025558901,82.25418673290648
2024-01-22 14:14:26.852286,25.85839421698651,,,-0.5349541593422344,72.81715427917175
2024-01-23 14:14:26.852286,-25.309201385103332,,,-7.238793090653131,72.59759186455402
2024-01-24 14:14:26.852286,-39.18912228238413,,,3.890360586681175,57.3124315898376
2024-01-25 14:14:26.852286,-33.841390076055035,,,1.4745234624597632,58.676529265707586
2024-01-26 14:14:26.852286,-30.457118423286133,,,1.6696783440865783,58.549459312854296
2024-01-27 14:14:26.852286,72.93982016182352,,,13.538464330379574,63.92975759518967
2024-01-28 14:14:26.852286,25.976155465367704,,,-0.5746374746644187,42.64297878282607
2024-01-29 14:14:26.852286,-0.4080617403920872,,,-4.326988325718504,41.05545733422234
2024-01-30 14:14:26.852286,81.07880691118113,,,10.871298573750705,50.58043855082165
2024-01-31 14:14:26.852286,-91.90432135334268,,,3.340555849328055,61.92748756569462
2024-02-01 14:14:26.852286,-64.2684453509919,,,-1.0061663328057822,65.91194161101328
2024-02-02 14:14:26.852286,42.10237913531309,,,9.359476175565536,66.21324965929323
2024-02-03 14:14:26.852286,46.94531244111015,,,5.645975072606483,62.68821114045428
2024-02-04 14:14:26.852286,67.83171044315144,,,11.62534006943273,66.81111522338853
2024-02-05 14:14:26.852286,-34.470474673261506,,,6.759281079022813,69.0369736341168
2024-02-06 14:14:26.852286,35.21954610091633,,,0.2079581061278414,62.693405165774465
2024-02-07 14:14:26.852286,14.679285238816927,,,15.4341876192935,47.75747608687088
2024-02-08 14:14:26.852286,-30.55210342206435,,,20.250807894854574,39.337195244704645
2024-02-09 14:14:26.852286,46.744610740025145,,,20.913983838384873,39.80335284352621
2024-02-10 14:14:26.852286,69.82880497680755,,,24.183054200627357,43.1007797618273
2024-02-11 14:14:26.852286,48.049334512271145,,,21.357000496215885,40.320696471786555
2024-02-12 14:14:26.852286,-8.051751016459235,,,25.131103875759067,35.1259924446246
2024-02-13 14:14:26.852286,-36.47821486090952,,,14.888566595498233,41.558345672925725
2024-02-14 14:14:26.852286,-13.180989959474463,,,10.908527281456605,42.894342646281544
2024-02-15 14:14:26.852286,51.81612493324793,,,22.675417046501217,40.87537475964341
2024-02-16 14:14:26.852286,-12.948892402046653,,,14.14777374049096,41.242166946373985
2024-02-17 14:14:26.852286,50.30663810848072,,,11.358892759301414,37.32322610106614
2024-02-18 14:14:26.852286,64.42876680513763,,,13.69881165828234,40.393967601578055
2024-02-19 14:14:26.852286,-0.08343858641178947,,,14.837142005431975,39.786573499253166
2024-02-20 14:14:26.852286,5.73110961869555,,,20.867045502518412,33.3990129771523
2024-02-21 14:14:26.852286,-27.073661176649793,,,18.882378185779082,36.06576103605263
2024-02-22 14:14:26.852286,-11.72463834246643,,,9.80512628924846,34.350684094692866
2024-02-23 14:14:26.852286,-25.462015994208972,,,8.017537204653841,36.01729820917213
2024-02-24 14:14:26.852286,34.993712618029086,,,5.829976420303608,33.389925254765984
2024-02-25 14:14:26.852286,26.70151869086397,,,0.4403695468359428,24.110131540998562
2024-02-26 14:14:26.852286,61.788226268641125,,,9.279178811843503,33.42704484491043
2024-02-27 14:14:26.852286,0.9234457145686719,,,8.59236968268252,33.56121644476987
2024-02-28 14:14:26.852286,75.18495416975158,,,23.200743303597,37.4762279940834
2024-02-29 14:14:26.852286,-7.749403109951011,,,23.768634051099205,36.884228265787506
2024-03-01 14:14:26.852286,-11.688657308021815,,,25.73625672055451,34.08112772594441
2024-03-02 14:14:26.852286,70.5313052474066,,,30.81305566760844,38.099908732219006
2024-03-03 14:14:26.852286,-196.2712951761143,,,-1.0402034562455924,94.12545273600247
2024-03-04 14:14:26.852286,49.5554705836044,,,-2.787739982679411,92.86974622108985
2024-03-05 14:14:26.852286,18.02633930695023,,,-0.34446946948204626,93.20801519612705
2024-03-06 14:14:26.852286,-14.16986393819338,,,-13.109443484902755,87.05576789856104
2024-03-07 14:14:26.852286,-35.427518854905664,,,-17.063460019896276,87.39962535630592
2024-03-08 14:14:26.852286,-33.11122328266295,,,-20.12382658770215,87.55498117504663
2024-03-09 14:14:26.852286,53.34273025742752,,,-22.579337300556308,84.7860284166243
2024-03-10 14:14:26.852286,37.160423215637095,,,10.768051041122463,38.18295492188483
2024-03-11 14:14:26.852286,47.161461907936385,,,10.42604980174132,37.786298145452555
2024-03-12 14:14:26.852286,-22.16912249809086,,,4.683840972449734,39.456085475375005
2024-03-13 14:14:26.852286,76.88213292553851,,,17.691269095840006,46.5715846012535
2024-03-14 14:14:26.852286,-45.0351317053542,,,16.318752974347355,48.49962899208568
2024-03-15 14:14:26.852286,-2.2633797096084716,,,20.725587770498,44.49590959869483
2024-03-16 14:14:26.852286,7.741608785095892,,,14.211141845879192,42.20378243798882
2024-03-17 14:14:26.852286,81.03449938471724,,,20.47886701289064,48.90578775978242
2024-03-18 14:14:26.852286,-21.27945741862179,,,10.70159282338233,49.51984049076668
2024-03-19 14:14:26.852286,87.51750500182953,,,26.37111103765667,54.48968012993394
2024-03-20 14:14:26.852286,-26.43465345585753,,,11.611570126028665,52.483217222440686
2024-03-21 14:14:26.852286,8.075246788536752,,,19.198767053727373,46.417716434466584
2024-03-22 14:14:26.852286,53.629721457950794,,,27.183495791950126,46.915175263939624
2024-03-23 14:14:26.852286,53.11110901807422,,,33.66485296808988,46.91552735427853
2024-03-24 14:14:26.852286,166.39085727153565,,,45.85861838049252,67.74694784487022
2024-03-25 14:14:26.852286,12.702290193141803,,,50.7131537536016,63.199088778783974
2024-03-26 14:14:26.852286,22.744221191452212,,,41.459827494976274,61.63478661266823
2024-03-27 14:14:26.852286,93.57886507213755,,,58.60461585611842,56.038987445472294
2024-03-28 14:14:26.852286,-14.755427300367407,,,55.343090986274966,59.994756250998215
2024-03-29 14:14:26.852286,-28.716568382264146,,,43.57933529481569,67.93454414353079
2024-03-30 14:14:26.852286,24.12569393537865,,,39.43856171157347,68.13978419236501
2024-03-31 14:14:26.852286,101.92867866878728,,,30.229679054037994,50.08773281199188
2024-04-01 14:14:26.852286,133.81913752152767,,,47.53208581523597,62.424139904193545
2024-04-02 14:14:26.852286,-28.74146790076043,,,40.176987373491315,68.5628348170684
2024-04-03 14:14:26.852286,-1003.7722389209456,,,-116.58745605409199,396.475675039005
2024-04-04 14:14:26.852286,-50.63688297350211,,,-121.71337829311123,395.16949018612337
2024-04-05 14:14:26.852286,-88.74399952349941,,,-130.288725599002,393.46269900646394
2024-04-06 14:14:26.852286,6.106546407350187,,,-132.86288953157748,392.34144272614384
2024-04-07 14:14:26.852286,-5.118608459918555,,,-148.1553591213926,383.65465146579254
2024-04-08 14:14:26.852286,-0.6918359302508694,,,-167.3712124716467,370.31438902710295
2024-04-09 14:14:26.852286,5.023355928864268,,,-162.5476662102717,372.6337109610364
2024-04-10 14:14:26.852286,-25.791630856904295,,,-22.83615077255154,35.45789502951525
2024-04-11 14:14:26.852286,-55.20317645149234,,,-23.48847841226443,36.09094725017675
2024-04-12 14:14:26.852286,1.0682057423888438,,,-10.658163374280393,22.389609397535914
2024-04-13 14:14:26.852286,12.528745668130885,,,-9.740706337026008,23.303979698818512
2024-04-14 14:14:26.852286,-55.441804531771155,,,-16.929734347290665,28.763126105343222
2024-04-15 14:14:26.852286,825.987237398162,,,101.1672761281969,320.8272975888278
2024-04-16 14:14:26.852286,19.037259392667522,,,103.16926233731166,320.1704129275309
2024-04-17 14:14:26.852286,83.84924595117425,,,118.83224473846573,315.4572363572524
2024-04-18 14:14:26.852286,-11.142919415905386,,,125.126567172121,311.8246018263126
2024-04-19 14:14:26.852286,105.62749383589504,,,140.0636083283362,307.3639059962568
2024-04-20 14:14:26.852286,57.23000302611081,,,146.44950223661903,304.72562296329437
2024-04-21 14:14:26.852286,-5.883512443292556,,,153.52925824925882,299.7889865496061
2024-04-22 14:14:26.852286,-57.43405163320237,,,27.326216959063903,57.81572698080454
2024-04-23 14:14:26.852286,-26.268714870421825,,,20.85393492147971,61.3275720683134
2024-04-24 14:14:26.852286,17.874408044950815,,,11.428958077733503,54.74955650339246
2024-04-25 14:14:26.852286,14.338209771748954,,,15.069119390255551,53.83818702846521
2024-04-26 14:14:26.852286,-818.6637205261093,,,-116.97248266145935,311.51673009143457
2024-04-27 14:14:26.852286,131.92177974147103,,,-106.30222884497933,319.6510874852381
2024-04-28 14:14:26.852286,53.51602349464667,,,-97.81658085384514,323.52609838241693
2024-04-29 14:14:26.852286,17.604882078572835,,,-87.0967331807344,326.3182948971644
2024-04-30 14:14:26.852286,-23.810095554618773,,,-86.7455018499054,326.3959927894034
2024-05-01 14:14:26.852286,14.737632907410312,,,-87.19361258383974,326.2305320181411
2024-05-02 14:14:26.852286,-7.501792621953795,,,-90.31361292579729,325.2004752272282
2024-05-03 14:14:26.852286,0.7383936368679955,,,26.74383195462804,52.29972175237528
2024-05-04 14:14:26.852286,27.062805858247067,,,11.7639785427389,25.094801447918705
2024-05-05 14:14:26.852286,63.33052219726108,,,13.166049785969532,27.93029686759741
2024-05-06 14:14:26.852286,100.43748024659327,,,24.99927809568674,43.39168736748453
2024-05-07 14:14:26.852286,44.14655085537673,,,34.707370439971804,37.90682633077178
2024-05-08 14:14:26.852286,4.069974059557982,,,33.1834191759929,39.04093480458273
2024-05-09 14:14:26.852286,52.323008716947555,,,41.72981936726452,34.98789856898366
2024-05-10 14:14:26.852286,16.746076575978247,,,44.01663121570885,32.28054661629346
2024-05-11 14:14:26.852286,47.58442144878937,,,46.94829058578632,31.404184130305996
2024-05-12 14:14:26.852286,45.86209230393949,,,44.45280060102609,30.568357026038633
2024-05-13 14:14:26.852286,2.445442698468435,,,30.453938094151116,21.85216774205046
2024-05-14 14:14:26.852286,15.995422344786293,,,26.43234830692391,21.49981454450599
2024-05-15 14:14:26.852286,-4.465754821080118,,,25.212958466832756,23.15765088310846
2024-05-16 14:14:26.852286,44.01520513139488,,,24.026129383182372,21.703956930700848
2024-05-17 14:14:26.852286,91.16732371319486,,,34.657736117070456,32.888939006082104
2024-05-18 14:14:26.852286,119.59455188043776,,,44.94489760730595,46.18166571874305
2024-05-19 14:14:26.852286,33.448802151273185,,,43.17157044263933,46.37848572944578
2024-05-20 14:14:26.852286,51.129426294553916,,,50.12642524208012,42.762724389150385
2024-05-21 14:14:26.852286,-15.318277212296492,,,45.65303959106829,48.21809661904731
2024-05-22 14:14:26.852286,-15.730842241811105,,,44.04374138810672,50.312138296813295
2024-05-23 14:14:26.852286,94.56745809308207,,,51.26549181120488,53.8136242679894
2024-05-24 14:14:26.852286,-23.729200757428313,,,34.85170260111586,57.04033270682908
2024-05-25 14:14:26.852286,17.045227964492028,,,20.201799184552186,43.11801571663307
2024-05-26 14:14:26.852286,69.43742345930053,,,25.34303079998466,46.93722305466119
2024-05-27 14:14:26.852286,66.70062188622455,,,27.567487313080466,48.698891412607836
2024-05-28 14:14:26.852286,39.80557968462927,,,35.44232401264129,44.91841286072086
2024-05-29 14:14:26.852286,-103.66732859391246,,,22.87996881948396,67.98786167566232
2024-05-30 14:14:26.852286,-63.3208079744652,,,0.32450223840577663,66.41326461893868
2024-05-31 14:14:26.852286,64.2819307440108,,,12.89752102432565,69.36586183367525
2024-06-01 14:14:26.852286,29.155396300034116,,,14.627545072260233,69.63703621965483
2024-06-02 14:14:26.852286,59.560955777916234,,,13.216621117776763,68.43105358040891
2024-06-03 14:14:26.852286,15.830431636601766,,,5.949451082116363,64.38616040434903
2024-06-04 14:14:26.852286,-18.91740362406332,,,-2.4395465334111495,63.05151592383598
2024-06-05 14:14:26.852286,-24.272924512692114,,,8.902511192477471,46.87234184580233
2024-06-06 14:14:26.852286,-5.474383612718018,,,17.166286101298496,35.810976025055226
2024-06-07 14:14:26.852286,1.7575394904052974,,,8.234230207926283,29.307650218121598
2024-06-08 14:14:26.852286,117.5023686304524,,,20.85522625512889,50.89275368025197
2024-06-09 14:14:26.852286,24.341214009616337,,,15.823834573943193,48.09235656515413
2024-06-10 14:14:26.852286,104.95799064420417,,,28.556343003600684,58.71872060708414
2024-06-11 14:14:26.852286,0.4726104822101327,,,31.3263450187826,56.522204978387954
2024-06-12 14:14:26.852286,-79.2266925090062,,,23.475806733594876,68.15159157878627
2024-06-13 14:14:26.852286,-53.05974174359895,,,16.677898429183312,73.6703608048956
2024-06-14 14:14:26.852286,-33.56183507098613,,,11.632273491841683,76.03413461618055
2024-06-15 14:14:26.852286,185.45073310106153,,,21.339182701928703,94.014138132129
2024-06-16 14:14:26.852286,-21.401575082371725,,,14.804498545930409,95.35092598504704
2024-06-17 14:14:26.852286,69.2744963823719,,,9.706856508525798,90.56141687977404
2024-06-18 14:14:26.852286,7.400851959217139,,,10.69660529095537,90.48149949241375
2024-06-19 14:14:26.852286,15.948793235646196,,,24.29310325447714,81.41329047444222
2024-06-20 14:14:26.852286,-0.9024228622915906,,,31.74414880894962,75.31209347693995
2024-06-21 14:14:26.852286,34.07637389097744,,,41.40675008923013,69.66404529606253
2024-06-22 14:14:26.852286,2.1357463838779047,,,15.218894843918184,29.187302021422052
2024-06-23 14:14:26.852286,-5.646683306477705,,,17.469593669045903,26.363629028316648
2024-06-24 14:14:26.852286,95.05026721064114,,,21.151846644512936,35.1433864486128
2024-06-25 14:14:26.852286,-121.42604807635053,,,2.748003782288986,64.7801433696775
2024-06-26 14:14:26.852286,8.519394288994032,,,1.6866610756243905,64.58839526542664
2024-06-27 14:14:26.852286,-72.45184245583403,,,-8.534684580595957,70.46092039664835
2024-06-28 14:14:26.852286,1.9418606413495463,,,-13.1253293305428,68.23364929909951
2024-06-29 14:14:26.852286,9.081883649742554,,,-12.13302400684785,68.54238660303254
2024-06-30 14:14:26.852286,71.1321975100312,,,-1.164612461632292,75.53943198007535
2024-07-01 14:14:26.852286,32.606878836664805,,,-10.085096515057483,65.27304191773149
2024-07-02 14:14:26.852286,119.0472947680238,,,24.268238176995993,59.973224247473496
2024-07-03 14:14:26.852286,-21.022283914819052,,,20.047998433594127,62.26189056842138
2024-07-04 14:14:26.852286,18.538974693113143,,,33.04668659772943,47.473770710932676
2024-07-05 14:14:26.852286,90.5919911369201,,,45.710990954239506,49.57118295269359
2024-07-06 14:14:26.852286,7.990537432253824,,,45.55508435174112,49.70711558699876
2024-07-07 14:14:26.852286,108.77223526888206,,,50.932232603005524,54.71838117310549
2024-07-08 14:14:26.852286,13.731161516557504,,,48.23570155727591,56.21655979451982
2024-07-09 14:14:26.852286,-46.176388888312175,,,24.632318177799345,56.21585291139941
2024-07-10 14:14:26.852286,38.214606934171904,,,33.09473115622662,52.53599012905429
2024-07-11 14:14:26.852286,-102.46869268338689,,,15.807921531012337,73.74948234938891
2024-07-12 14:14:26.852286,46.60088355389366,,,9.523477590579985,67.96200737011729
2024-07-13 14:14:26.852286,11.943205369476061,,,10.088144438754592,67.96356856324353
2024-07-14 14:14:26.852286,97.88550492137526,,,8.53289724625362,65.40537067530228
2024-07-15 14:14:26.852286,-13.990669928778775,,,4.5726356112055795,65.8757397180229
2024-07-16 14:14:26.852286,-24.6667049649661,,,7.645447600255019,63.575491655480704
2024-07-17 14:14:26.852286,15.17513933061597,,,4.354095085461314,62.312987652323834
2024-07-18 14:14:26.852286,69.44334345202836,,,28.912957390520635,44.53648096997969
2024-07-19 14:14:26.852286,93.3584506547271,,,35.592609833496844,50.709998021313005
2024-07-20 14:14:26.852286,105.49353087630142,,,48.956942048757604,55.53621971011344
2024-07-21 14:14:26.852286,47.41832529297157,,,41.74734495898565,51.234990067829486
2024-07-22 14:14:26.852286,24.742438256500137,,,47.28064612831122,46.040315375081654
2024-07-23 14:14:26.852286,48.785648000019044,,,57.773839409023374,33.5990024746066
2024-07-24 14:14:26.852286,34.39491478486724,,,60.51952161677355,30.14551176223391
2024-07-25 14:14:26.852286,-83.15769995986062,,,38.719372557932275,61.4943021579532
2024-07-26 14:14:26.852286,25.77271223724881,,,29.06426706972109,56.59642938035639
2024-07-27 14:14:26.852286,932.111224524501,,,147.1525090194639,349.1077865326806
2024-07-28 14:14:26.852286,35.78471843387578,,,145.4905651824502,349.68891477082656
2024-07-29 14:14:26.852286,270.7517526066842,,,180.63475294676223,347.8885070596377
2024-07-30 14:14:26.852286,10.555798475284533,,,175.17334587180017,350.5929157806068
2024-07-31 14:14:26.852286,-39.937015416968315,,,164.55449870010935,356.6410279821486
2024-08-01 14:14:26.852286,57.06392654719176,,,184.58615962968824,344.12714576170924
2024-08-02 14:14:26.852286,10.786846129893378,,,182.44532161435177,345.3243312909082
2024-08-03 14:14:26.852286,8.489829692430437,,,50.49940806691311,101.56019656646062
2024-08-04 14:14:26.852286,40.68875871805842,,,51.199985250367774,101.45863874064514
2024-08-05 14:14:26.852286,25.31122008049517,,,16.137052032340762,30.617306822570175
2024-08-06 14:14:26.852286,38.937099813671985,,,20.191523652110398,31.61786802099572
2024-08-07 14:14:26.852286,-12.476955674508197,,,24.1143893296047,23.60156659427845
2024-08-08 14:14:26.852286,32.21832198040715,,,20.565017248635467,19.29602334073182
2024-08-09 14:14:26.852286,56.35299609785948,,,27.0744672440592,22.812917852176973
2024-08-10 14:14:26.852286,161.01085226859362,,,48.86318475493965,53.840666679121085
2024-08-11 14:14:26.852286,96.11879166608055,,,56.78176089037139,56.4509352419319
2024-08-12 14:14:26.852286,95.49883437809609,,,66.8085629328858,56.16212849765419
2024-08-13 14:14:26.852286,15.134107634184137,,,63.40813547867326,58.79001983079896
2024-08-14 14:14:26.852286,45.9002237922372,,,71.74773254535117,49.6634277711577
2024-08-15 14:14:26.852286,19.031196238870034,,,69.86385743941729,51.62420677441176
2024-08-16 14:14:26.852286,114.88607273158873,,,78.22572552995004,53.767032929734405
2024-08-17 14:14:26.852286,85.34420777261407,,,67.41620488766725,40.25903295141176
2024-08-18 14:14:26.852286,0.5872452137524853,,,53.76884110876324,44.839075223935254
2024-08-19 14:14:26.852286,-12.962400423262833,,,38.274378994283396,46.7161174297373
2024-08-20 14:14:26.852286,-20.9853638073865,,,33.114454502630444,51.45264000230074
2024-08-21 14:14:26.852286,8.309349222774248,,,27.74432956413574,51.855881437355706
2024-08-22 14:14:26.852286,40.55189049712983,,,30.818714458172856,51.891146748493725
2024-08-23 14:14:26.852286,74.83730785276144,,,25.097462332626097,42.42116889286332
2024-08-24 14:14:26.852286,47.764769181614106,,,19.72897110534039,35.30751808207041
2024-08-25 14:14:26.852286,85.71979912935353,,,31.890764521854827,41.69880929183059
2024-08-26 14:14:26.852286,132.808598565296,,,52.7151929487918,50.940732335731745
2024-08-27 14:14:26.852286,47.23420643716543,,,62.46084584087065,39.79776827981641
2024-08-28 14:14:26.852286,-48.95304875560781,,,54.280503272530346,55.55090676090336
2024-08-29 14:14:26.852286,40.921184422345576,,,54.33325954756118,55.53586913065524
2024-08-30 14:14:26.852286,13.33739465588823,,,45.54755766229357,56.60583244180814
2024-08-31 14:14:26.852286,-88.85009402770558,,,26.03114863239076,75.95711816708159
2024-09-01 14:14:26.852286,128.13182080640615,,,32.09000887196971,82.88721910916655
2024-09-02 14:14:26.852286,29.70106424812727,,,17.36036111237417,70.19553836089678
2024-09-03 14:14:26.852286,-26.959080392673805,,,6.761320136682855,70.53352655328283
2024-09-04 14:14:26.852286,-4.204810835411553,,,13.153925553853744,66.55821700780616
2024-09-05 14:14:26.852286,40.53963078394486,,,13.099417891225073,66.53183811258074
2024-09-06 14:14:26.852286,-38.89752810418025,,,5.637286068358146,69.36948750032633
2024-09-07 14:14:26.852286,29.134318856474465,,,22.49220219466958,55.54035011502961
2024-09-08 14:14:26.852286,67.89378967671345,,,13.886769176142053,38.49585200339208
2024-09-09 14:14:26.852286,53.94084747694888,,,17.349595351688,41.15394438943332
2024-09-10 14:14:26.852286,22.837277466159932,,,24.46336076009282,36.227289745027846
2024-09-11 14:14:26.852286,30.581345157476804,,,29.432811616219727,33.95388223114387
2024-09-12 14:14:26.852286,46.36360767726687,,,30.26480831526573,34.340553298503075
2024-09-13 14:14:26.852286,48.46398929673351,,,42.74502508682484,15.985057292295599
2024-09-14 14:14:26.852286,38.12883792576031,,,44.0299563824371,15.042345011133335
2024-09-15 14:14:26.852286,111.94448767041531,,,50.32291323868022,29.22135274991789
2024-09-16 14:14:26.852286,98.05025555721079,,,56.624257250146215,34.424279080789994
2024-09-17 14:14:26.852286,7.020037948905381,,,54.36465160482413,37.40201373199085
2024-09-18 14:14:26.852286,48.905178752469354,,,56.9823421183945,36.07782754022084
2024-09-19 14:14:26.852286,-142.72073099259055,,,29.970293736986292,84.13348761012169
2024-09-20 14:14:26.852286,50.549257818972826,,,30.268189240163338,84.21353634241389
2024-09-21 14:14:26.852286,74.48183369949305,,,35.461474350696584,85.88343195548353
2024-09-22 14:14:26.852286,170.1379435128618,,,43.7748251853318,96.66100619479249
2024-09-23 14:14:26.852286,21.92783869901516,,,32.900194205589564,93.77612169008334
2024-09-24 14:14:26.852286,84.50640147953493,,,43.96967470996521,94.77996478359202
2024-09-25 14:14:26.852286,47.02477935967225,,,43.70104622527991,94.7663087826235
2024-09-26 14:14:26.852286,-1.9225048148109884,,,63.81507853639128,55.34788312641638
2024-09-27 14:14:26.852286,53.04860269372485,,,64.17212780421299,55.25602774503301
2024-09-28 14:14:26.852286,-33.043201030158684,,,48.81140855711989,65.84355178143981
2024-09-29 14:14:26.852286,32.947264869653665,,,29.212740179518732,38.4166375036353
2024-09-30 14:14:26.852286,117.64274198646818,,,42.88629779201202,50.51907297914907
2024-10-01 14:14:26.852286,73.5516823468502,,,41.32133791591421,49.16646806356766
2024-10-02 14:14:26.852286,449.09200717219335,,,98.75951331770294,162.09792873346643
2024-10-03 14:14:26.852286,71.72973115316559,,,109.28126131312816,156.77649753739217
2024-10-04 14:14:26.852286,32.141522040461105,,,106.29453550551906,158.2188383446861
2024-10-05 14:14:26.852286,74.91561984245149,,,121.71722420160621,147.25477982159612
2024-10-06 14:14:26.852286,33.77575402540664,,,121.83557979528521,147.1718493929628
2024-10-07 14:14:26.852286,15.111799599634336,,,107.1883023114518,152.6586091736554
2024-10-08 14:14:26.852286,78.71310520132667,,,107.92564843351988,152.48142762409927
2024-10-09 14:14:26.852286,82.87309648175257,,,55.60866119202834,27.620012574841986
2024-10-10 14:14:26.852286,-31.287373841095928,,,40.89193190713383,41.5374283622184
2024-10-11 14:14:26.852286,8.26895876714497,,,37.481565725231526,43.317475786095045
2024-10-12 14:14:26.852286,68.14107978691246,,,36.51377428872595,42.407867398768175
2024-10-13 14:14:26.852286,105.04348046596456,,,46.694878065948515,49.58797411131606
2024-10-14 14:14:26.852286,-24.820844449295826,,,40.99021463038706,55.74197772753815
2024-10-15 14:14:26.852286,-21.708089023742204,,,26.644329741091507,57.31555693576867
2024-10-16 14:14:26.852286,57.86504163819198,,,23.071750477725708,53.90447381739123
2024-10-17 14:14:26.852286,12.66470635307569,,,29.350619076893082,48.83915201912454
2024-10-18 14:14:26.852286,29.037801630331618,,,32.31759662877689,47.96807511680473
2024-10-19 14:14:26.852286,136.79788566723846,,,42.12571175453775,61.59685108050915
2024-10-20 14:14:26.852286,84.61731108368997,,,39.20768755706995,58.5268011478674
2024-10-21 14:14:26.852286,49.16540440776808,,,49.77715167950765,51.26699218592809
2024-10-22 14:14:26.852286,7.494075244542296,,,53.948889432119714,45.324243089873434
2024-10-23 14:14:26.852286,48.76311319819838,,,52.648613940692066,45.32373013957767
2024-10-24 14:14:26.852286,85.54979311215894,,,63.06076919198967,42.915278881088526
2024-10-25 14:14:26.852286,155.0553957707522,,,81.06328264062118,51.78021265090368
2024-10-26 14:14:26.852286,273.169542458267,,,100.54494789648241,88.72134716030584
2024-10-27 14:14:26.852286,-31.396184169710878,,,83.97159143171086,102.03014616323517
2024-10-28 14:14:26.852286,91.37144372757777,,,90.0010256202551,100.87096789047204
2024-10-29 14:14:26.852286,108.88124093563313,,,104.48490643326807,94.10127436719407
2024-10-30 14:14:26.852286,83.44320447176527,,,109.43920518663478,91.55719384836378
2024-10-31 14:14:26.852286,-22.625473900369332,,,93.98559561341644,104.47886196381239
2024-11-01 14:14:26.852286,73.55496196459474,,,82.3426764982511,101.02308558352692
2024-11-02 14:14:26.852286,-9.149012366912228,,,42.011454380368356,60.28206883964147
2024-11-03 14:14:26.852286,31.462904218812167,,,50.99132415015736,51.57792006107335
2024-11-04 14:14:26.852286,-21.955178575403803,,,34.80180667830285,54.49407597461395
2024-11-05 14:14:26.852286,-55.06425394326544,,,11.381021695603053,52.54528203571065
2024-11-06 14:14:26.852286,-18.56712708483175,,,-3.1918828124822354,42.39376250026233
2024-11-07 14:14:26.852286,-27.518302846311663,,,-3.890858376188283,42.80591250982427
2024-11-08 14:14:26.852286,154.06275171686448,,,7.610254445564538,69.54571105274677
2024-11-09 14:14:26.852286,85.00833018630127,,,21.061303381737893,74.68010627211528
2024-11-10 14:14:26.852286,90.61189201976184,,,29.511158781873558,79.2590692211581
2024-11-11 14:14:26.852286,88.30715606512241,,,45.26292087337731,78.27660322586114
2024-11-12 14:14:26.852286,-14.44269246336048,,,51.0660010847923,70.74231142336176
2024-11-13 14:14:26.852286,-11.341412047181834,,,52.09824609017085,69.6004091463059
2024-11-14 14:14:26.852286,38.8944317753874,,,61.58577960755645,60.92448128926836
2024-11-15 14:14:26.852286,115.58824643396876,,,56.08942170999991,52.318831734000995
2024-11-16 14:14:26.852286,94.48260235621521,,,57.442889162844764,53.30489479981351
2024-11-17 14:14:26.852286,34.54611168359244,,,49.43349197196341,51.67768284052967
2024-11-18 14:14:26.852286,35.06954884622279,,,41.828119512120615,48.842888757251465
2024-11-19 14:14:26.852286,872.8285502890141,,,168.5811541910313,313.38069387507215
2024-11-20 14:14:26.852286,-45.45176869184101,,,163.70824609893708,316.89022846112226
2024-11-21 14:14:26.852286,6.290269773342178,,,159.0505086700735,319.26127512420817
2024-11-22 14:14:26.852286,4.839748661565511,,,143.2292947025873,324.4755731298066
2024-11-23 14:14:26.852286,21.142742966961215,,,132.75217193269387,327.482030228819
2024-11-24 14:14:26.852286,20.16140949351289,,,130.69721447696824,328.2452259878039
2024-11-25 14:14:26.852286,34.7817331030559,,,130.6560979422301,328.2592186067601
2024-11-26 14:14:26.852286,-3.4074809029726296,,,5.47952205766058,25.79908170514059
2024-11-27 14:14:26.852286,-40.43635990788589,,,6.196009026797024,24.16689907427186
2024-11-28 14:14:26.852286,13.318127163710074,,,7.199988653992439,24.316982821412743
2024-11-29 14:14:26.852286,90.95834242856434,,,19.502644906420844,39.7875557584024
2024-11-30 14:14:26.852286,88.3949732613285,,,29.11010637704474,47.60188604896772
2024-12-01 14:14:26.852286,162.06905748248255,,,49.38262751832612,68.69839280227306
2024-12-02 14:14:26.852286,105.63490819127648,,,59.50450967378621,71.35682695240378
2024-12-03 14:14:26.852286,51.584464977740026,,,67.36050194245944,66.11047920497776
2024-12-04 14:14:26.852286,-3.9208674806009256,,,72.577000860643,56.999941432091674
2024-12-05 14:14:26.852286,81.10900652915322,,,82.26141219856345,50.6600207062325
2024-12-06 14:14:26.852286,154.6730822190137,,,91.36351788291337,57.715539866135686
2024-12-07 14:14:26.852286,148.68020245008114,,,99.9756934813066,61.56798998542985
2024-12-08 14:14:26.852286,90.74766913624012,,,89.78692371755768,55.14616595968051
2024-12-09 14:14:26.852286,118.99875575406568,,,91.69604479795615,56.01079812004753
2024-12-10 14:14:26.852286,35.08980544728436,,,89.33966486503391,58.280523975713564
2024-12-11 14:14:26.852286,65.19992168603108,,,99.21406331740991,43.93630037354336
2024-12-12 14:14:26.852286,6.736966554253698,,,88.58948617813853,56.29748338336747
2024-12-13 14:14:26.852286,13.462276195964735,,,68.41651388913154,53.9210134502372
2024-12-14 14:14:26.852286,78.04508818749989,1995431.260657821,,58.32578328019137,41.598365314554194
2024-12-15 14:14:26.852286,746.9013846612424,2004994.8738625227,0.004792755026574502,152.06202835519167,265.19248940802373
2024-12-16 14:14:26.852286,75.49416778945663,2000439.675072835,-0.002271925404433661,145.8470872173904,266.6025185720125
2024-12-17 14:14:26.852286,66.71422593753468,1990175.3154062596,-0.005131051835493006,150.36486157314044,264.6738180374004
2024-12-18 14:14:26.852286,73.76889908505512,2015349.022184866,0.012648989555710477,151.58900120157247,264.2337237452421
2024-12-19 14:14:26.852286,-32.43305997575914,1995172.624530695,-0.010011366483954065,145.99328312585632,268.1975600245296
2024-12-20 14:14:26.852286,15.265587508570741,1999125.866916556,0.001981403682696836,146.2508990276572,268.0498663994418
2024-12-21 14:14:26.852286,98.44682219376601,1988512.4082662752,-0.005309049733147053,149.16543245712379,267.29450700626967
2024-12-22 14:14:26.852286,97.85150392285003,1998501.895148581,0.0050235979623658444,56.444020923067725,48.03150087968325
2024-12-23 14:14:26.852286,102.8008044509464,1993608.3901784606,-0.002448586604795966,60.344969017566264,50.86202245896555
2024-12-24 14:14:26.852286,51.368335262688774,1991224.3152164188,-0.0011958592137688573,58.152698921159704,50.87245842025811
2024-12-25 14:14:26.852286,-39.069336436319766,1988629.460766515,-0.0013031452207943328,42.03295098953472,61.80261144989963
2024-12-26 14:14:26.852286,30.35853633576519,2004218.5061227991,0.007839090018446848,51.003179034038205,53.14324498058008
2024-12-27 14:14:26.852286,0.21249479182719822,2007284.4005718043,0.0015297206565247912,48.85273721736054,55.09896290629873
2024-12-28 14:14:26.852286,-6.648646970694976,2001609.7822661393,-0.0028270126067080348,33.83909876529469,53.63198561377321
2024-12-29 14:14:26.852286,117.82204311339666,2001203.1375647667,-0.0002031588299454823,36.69203293537278,57.96106678757969
2024-12-30 14:14:26.852286,85.17320480980263,1975574.7879759646,-0.012806470821342453,34.17380441520938,54.91292441946459
2024-12-31 14:14:26.852286,83.86452168758049,2000159.9155525868,0.01244454410243323,38.81611676162249,57.901113481396266
2025-01-01 14:14:26.852286,-24.857376571003602,1997007.1647820203,-0.0015762493518901577,40.84639674238194,54.88556174751606
2025-01-02 14:14:26.852286,59.25462207218887,1987764.3166094602,-0.00462835003076667,44.97440899044246,55.05169309852587
2025-01-03 14:14:26.852286,106.53538231967632,1989224.1723294118,0.000734420930969204,60.16339292299234,55.310218046760774
2025-01-04 14:14:26.852286,93.18095704086116,1988634.5773143345,-0.0002963944553252551,74.42476492464321,47.535819947026866
2025-01-05 14:14:26.852286,-555.7354401834701,2006655.9749103284,0.00906219664566632,-21.797732689194902,239.43165416133849
2025-01-06 14:14:26.852286,70.25749564645992,1991951.1056164748,-0.007328046998445137,-23.928548283958143,238.3850886889501
2025-01-07 14:14:26.852286,69.96915529094888,1975784.6671153884,-0.008115881185789986,-25.91360062633409,237.39367894862252
2025-01-08 14:14:26.852286,-7.9532430192321755,1972087.8080139747,-0.0018710840118073557,-23.498724404652457,237.49217189714122
2025-01-09 14:14:26.852286,39.953382385402435,2000851.9792626146,0.0145856442759551,-26.256044359907662,236.48115643188092
2025-01-10 14:14:26.852286,24.116323427756136,1982402.2687267927,-0.00922092724851209,-38.03019563018198,230.750016993191
2025-01-11 14:14:26.852286,16.56493785848908,1998033.5394645825,0.007885014552484915,-48.9753412276637,225.24028302551298
2025-01-12 14:14:26.852286,104.73520462637329,1982919.0466008508,-0.007564684258394405,45.37760803088536,38.520322257699384
2025-01-13 14:14:26.852286,102.413274006101,1978764.6182087574,-0.0020951074120827418,49.971290653691234,43.568406569863086
2025-01-14 14:14:26.852286,38.96990036977094,1980222.495868653,0.0007367615362030566,45.54282566495152,42.76500358403457
2025-01-15 14:14:26.852286,-54.21821460573376,1980321.837229658,5.016676722546798e-05,38.93354400973701,54.40240612401814
2025-01-16 14:14:26.852286,72.64351572116803,1980147.0829106928,-8.824541328578128e-05,43.60356305770353,55.8873708596287
2025-01-17 14:14:26.852286,160.9936072277446,1967886.3662248133,-0.006191821199391434,63.157460743416166,70.07683270113363
2025-01-18 14:14:26.852286,40.45830337049263,1981957.182177012,0.007150217712617257,66.57079867370238,67.97966278528945
2025-01-19 14:14:26.852286,95.98495765665054,1955984.4546447953,-0.013104585591343643,65.32076339231342,67.23731610736564
2025-01-20 14:14:26.852286,43.85293390198317,1987316.8839833576,0.016018751715617396,56.95500052029659,65.47296070937365
2025-01-21 14:14:26.852286,-254.1811097423207,1988801.097708763,0.0007468430109800472,15.07628478999778,135.3548909150189
2025-01-22 14:14:26.852286,103.78939037098718,1995134.9045890968,0.003184736215014583,37.64879978667221,135.04773069183915
2025-01-23 14:14:26.852286,-3.423669511898602,1989166.2759363507,-0.0029915915154495876,26.782059039091255,134.82275562116922
2025-01-24 14:14:26.852286,-518.8897036694636,1982039.1283648058,-0.0035829823065897104,-70.3441282319385,231.9387533284485
2025-01-25 14:14:26.852286,4.95455245380219,1973761.1846964175,-0.0041764784306844716,-75.41609264860857,229.48716393879323
2025-01-26 14:14:26.852286,89.37592824672682,1961893.3340921388,-0.006012809805105213,-76.36023970716909,228.67662782678102
2025-01-27 14:14:26.852286,23.817307431907633,1990464.0991449647,0.014562853421410393,-79.22247206003703,227.0407408038969
2025-01-28 14:14:26.852286,401.65325192512984,1980921.5756963587,-0.004794119850091816,14.468151035313051,273.3954385547751
2025-01-29 14:14:26.852286,-30.418217742995047,1989343.3474590348,0.004251441281674984,-4.7043644095415535,270.78090768540966
2025-01-30 14:14:26.852286,76.32008519577441,1975287.850750977,-0.007065395084267734,6.687600548697448,272.51565184308265
2025-01-31 14:14:26.852286,82.0257915003271,1968339.9924801476,-0.003517390272100296,92.53267128723898,143.43836662056853
2025-02-01 14:14:26.852286,92.47947303431954,1985045.4954033375,0.008487102323283313,105.03623137017004,138.25284381709116
2025-02-02 14:14:26.852286,43.41488660544179,1969848.9041374063,-0.007655538022237396,98.47036827855788,140.1982311293601
2025-02-03 14:14:26.852286,84.67556744612469,1968962.5303159687,-0.00044997046198613777,107.16440542344604,136.63904830727367
2025-02-04 14:14:26.852286,-40.23584642944753,1956303.4058718344,-0.006429337404456725,44.03739137279212,56.46443031627495
2025-02-05 14:14:26.852286,116.43533429527614,1977920.1369974462,0.011049784537883633,65.0164702354023,51.22883873169461
2025-02-06 14:14:26.852286,-32.22154046844633,1954087.919104577,-0.012049130522047924,49.51052371194219,62.4376780986962
2025-02-07 14:14:26.852286,51.95640598563684,1946938.2629906558,-0.0036588200786775715,45.214897209843585,60.84180954130983
2025-02-08 14:14:26.852286,70.15256190927822,1964632.0880121358,0.009088025726250226,42.025338477694824,58.49086642091955
2025-02-09 14:14:26.852286,19.987502452151165,1958178.0815901717,-0.00328509671675703,38.678569312939025,59.06552583616131
2025-02-10 14:14:26.852286,74.7152972120346,1965938.1314998732,0.003962892845476018,37.255673565211865,57.880865502715
2025-02-11 14:14:26.852286,1255.1405117053532,1965423.734652286,-0.00026165464688088225,222.30943901304053,457.82555595329757
2025-02-12 14:14:26.852286,43.64007357461057,1963942.781393884,-0.0007535032941199393,211.91011605294548,461.44371862916296
2025-02-13 14:14:26.852286,35.8321207198666,1969640.2894429134,0.0029010560302502597,221.63206765127592,456.12926038904357
2025-02-14 14:14:26.852286,85.97411410196135,1961224.7059164403,-0.004272649971459153,226.49174023932224,454.19734117345405
2025-02-15 14:14:26.852286,53.068485224258794,1986601.438827029,0.012939227633648631,224.05115785574802,455.2221691981326
2025-02-16 14:14:26.852286,69.21115000117335,1971031.3113320756,-0.007837569826863011,231.08310750560835,451.91272283139267
2025-02-17 14:14:26.852286,161.14971229239927,1968944.2897426023,-0.0010588475066196645,243.43088108851757,448.0928418352896
2025-02-18 14:14:26.852286,27.42732374765683,1970170.0137037695,0.0006225285131493674,68.04328280884668,45.64110375715723
2025-02-19 14:14:26.852286,110.61732816520441,1950585.7904969726,-0.009940372186449054,77.61146203607437,46.68126757425362
2025-02-20 14:14:26.852286,36.57551976019422,1959652.8558510325,0.004648380706059552,77.71766189897832,46.571093865206755
2025-02-21 14:14:26.852286,369.19255977020487,1968635.8924316813,0.004583993820042043,118.17743985158452,120.03033808517867
2025-02-22 14:14:26.852286,65.22888619725806,1964144.5978432917,-0.002281424719348113,119.91463999058442,119.01466343565617
2025-02-23 14:14:26.852286,1.5413497072620927,1980761.7640362044,0.00846025603774736,110.24752566288282,126.34223425260093
2025-02-24 14:14:26.852286,65.48426534015601,1958789.0339822783,-0.01109307058166964,96.58103324113378,125.08628135603877
2025-02-25 14:14:26.852286,23.16168109623724,1949989.9294579905,-0.004492114450119766,95.97165571950242,125.4890652917706
2025-02-26 14:14:26.852286,32.931173537296914,1953493.619138525,0.001796773217956238,84.87363362980135,127.39863752480984
2025-02-27 14:14:26.852286,112.09503310932203,1967660.8910888515,0.007252274495052724,95.6621355368196,125.81469934758898
2025-02-28 14:14:26.852286,3.007880615611305,1955348.6114438279,-0.006257317864467149,43.35003851473481,39.97094974544587
2025-03-01 14:14:26.852286,67.83273003402732,1964139.3896045682,0.004495760044675334,43.72201620570184,40.21983461264997
2025-03-02 14:14:26.852286,128.9577831062984,1957340.706643272,-0.0034614055383640485,61.9243638341356,46.31857024309882
2025-03-03 14:14:26.852286,24.53243034213395,1953373.8461671215,-0.0020266581401422457,56.07410169156102,48.336260574178155
2025-03-04 14:14:26.852286,69.98319231183615,1949780.3677732889,-0.0018396265522259148,62.76288900807515,46.21583559749786
2025-03-05 14:14:26.852286,5.515025264386011,1947778.8509765577,-0.001026534490660036,58.846296397659316,50.158797053964
2025-03-06 14:14:26.852286,-37.73932631406575,1953520.6174129052,0.0029478533630595827,37.441387908603915,55.34978670939691
2025-03-07 14:14:26.852286,107.96629831117157,1949509.2633041833,-0.0020533973754698343,52.43544757939823,58.588874253235424
2025-03-08 14:14:26.852286,44.211957656348304,1957392.8948826934,0.00404390567765156,49.06105152544409,58.233410736439055
2025-03-09 14:14:26.852286,74.88327654514401,1949100.474324888,-0.004236461969124639,41.33612201670775,48.66956371329214
2025-03-10 14:14:26.852286,157.98185559243834,1956116.1118546857,0.003599423232518495,60.40032562389409,64.53954173675956
2025-03-11 14:14:26.852286,36.85193051830606,1977523.772492037,0.010943962123523221,55.66728822481837,64.93329752200619
2025-03-12 14:14:26.852286,60.14996570306995,1954842.262653163,-0.011469652175301603,63.47227971605893,61.06883880038103
2025-03-13 14:14:26.852286,71.29065937367098,1963914.2850010796,0.004640795076531479,79.04799195716417,41.82410911007928
2025-03-14 14:14:26.852286,96.11588312841475,1957866.8336806388,-0.0030792847562781667,77.35507550248462,40.682754988862
2025-03-15 14:14:26.852286,14.140870451508853,1965354.145520384,0.003824219150630137,73.05920590179328,46.00526656660008
2025-03-16 14:14:26.852286,170.43016574425224,1964310.9749702523,-0.0005307799372999966,86.70876150166589,58.98094511732199
2025-03-17 14:14:26.852286,137.35250293928485,1946832.0843635236,-0.008898229877778552,83.76171112264396,55.221750222124356
2025-03-18 14:14:26.852286,60.03232379559423,1931691.6035890756,-0.00777698338549726,87.07319587654227,52.57129282097323
2025-03-19 14:14:26.852286,12.90706275405266,1961235.1751751972,0.015294145054639996,80.32420974096837,59.21621154094681
2025-03-20 14:14:26.852286,-25.69569533658721,1947899.933260055,-0.00679940992489636,66.46901621093147,71.7103070017425
2025-03-21 14:14:26.852286,55.65348298867372,1950425.9411180816,0.0012967852274623493,60.688673333825626,70.54355779247955
2025-03-22 14:14:26.852286,55.17890690249604,1927548.3743553786,-0.011729523423785304,66.55124996968094,67.67746081648755
2025-03-23 14:14:26.852286,74.35584050313935,1958486.9268699118,0.016050726885067146,52.826346363807666,50.71637449805889
2025-03-24 14:14:26.852286,114.59806173302255,1952199.0597349252,-0.003210573963358554,49.5757119057702,44.777247118261045
2025-03-25 14:14:26.852286,-3.590689312751687,1948608.555112096,-0.0018392103023124884,40.48671003314935,48.595382081650875
2025-03-26 14:14:26.852286,62.2667382515828,1942209.1564928752,-0.0032840862791206904,47.53809224708222,47.49516765811969
2025-03-27 14:14:26.852286,5.832539517432316,1953133.727832833,0.005624817133333293,52.042125797656446,40.350355145690465
2025-03-28 14:14:26.852286,60.34617994164432,1939648.2369923107,-0.006904540456369901,52.71251107665224,40.459190265849365
2025-03-29 14:14:26.852286,131.7335240648186,1948483.375218844,0.0045550208837008554,63.648884956984034,50.36977256841411
2025-03-30 14:14:26.852286,64.2273799772618,1920362.3028671215,-0.01443228754700776,62.20196202471582,50.15596439969404
2025-03-31 14:14:26.852286,155.26547644227435,1930876.832742751,0.005475284460610075,68.01159269746607,58.84007758380369
2025-04-01 14:14:26.852286,43.78870825463421,1946055.3451245143,0.007860942823682215,74.78007806423548,51.49773937262852
2025-04-02 14:14:26.852286,-31.10558716593603,1943075.1377864894,-0.001531409343260015,61.44117443316137,65.47494296849052
2025-04-03 14:14:26.852286,73.97995890445169,1934953.2996061693,-0.004179888889717542,71.17652005987841,60.72241636865207
2025-04-04 14:14:26.852286,206.50524619357867,1947540.6510832363,0.0065052482039897885,92.05638666729762,78.81207303979059
2025-04-05 14:14:26.852286,53.252024982443444,1958249.9275186136,0.005498871835830865,80.84474394124402,77.80279972079653
2025-04-06 14:14:26.852286,161.8639287177523,1929196.562262791,-0.014836392866684478,94.79282233274265,82.91138155424042
2025-04-07 14:14:26.852286,91.64311020527951,1932853.0446058982,0.0018953394457734696,85.70391287031482,78.54988225359136
2025-04-08 14:14:26.852286,67.4156024044131,1931159.9639719662,-0.0008759489701800627,89.07918346314037,76.9397326624522
2025-04-09 14:14:26.852286,7.406149057528115,1943989.9090993784,0.006643647013592657,94.5808600664924,67.74038814072837
2025-04-10 14:14:26.852286,13.152824739206231,1936880.5561506064,-0.003657093545339274,85.89126947145733,74.39772177106362
2025-04-11 14:14:26.852286,-265.12453276567123,1944282.8228118625,0.003821746590284114,18.51558676299306,135.461008980922
2025-04-12 14:14:26.852286,53.056654130543784,1943853.4707631052,-0.00022082798022993178,18.487676641293113,135.45267898585365
2025-04-13 14:14:26.852286,128.51169727789127,1944845.3496543996,0.0005102642283552061,13.723072149884397,130.047552029057
2025-04-14 14:14:26.852286,27.49744140398095,1930940.756908662,-0.00714945933783806,4.559405178270316,125.8336111059158
2025-04-15 14:14:26.852286,171.50951766085484,1926661.7981712376,-0.0022159969031233517,19.42996450061914,139.86784827711983
2025-04-16 14:14:26.852286,-38.381312130655274,1932761.3032320978,0.003165841076337106,12.888898616592938,141.5839931263786
2025-04-17 14:14:26.852286,84.87281126300351,1930989.672214727,-0.0009166320819897766,23.134610977135406,144.17752617758288
2025-04-18 14:14:26.852286,116.37142828466331,1906976.9129850105,-0.012435467457562965,77.63403398432605,70.15627166263646
2025-04-19 14:14:26.852286,78.99243536803488,1932322.6241082973,0.01329104246134416,81.33914558968193,69.32185491290491
2025-04-20 14:14:26.852286,94.39171794399381,1928368.223328344,-0.002046449557965513,76.46486282769658,66.59820692853562
2025-04-21 14:14:26.852286,140.40406535551622,1935209.7120773774,0.0035478124282846135,92.59438053505876,66.43444245429383
2025-04-22 14:14:26.852286,49.526260547791594,1931857.0202428869,-0.0017324695166455184,75.1682009474783,57.710156257804826
2025-04-23 14:14:26.852286,53.47188566314097,1936652.4647225195,0.002482297825037616,88.29008634659203,32.544133760800634
2025-04-24 14:14:26.852286,76.20423584989857,1938126.568678202,0.0007611608084230337,87.05171843043419,32.85924269011291
2025-04-25 14:14:26.852286,427.45067475505545,1918644.438621253,-0.010052042199821809,131.49161078334734,133.95637028251153
2025-04-26 14:14:26.852286,30.51784101865665,1929388.7082842654,0.005599927452286657,124.56666873343617,138.30504319560842
2025-04-27 14:14:26.852286,85.87941297698762,1934293.185983144,0.002541985281566239,123.350625166721,138.65156244411216
2025-04-28 14:14:26.852286,50.29542530183286,1937697.6144632585,0.0017600374673212293,110.4779623019091,140.96798624130315
2025-04-29 14:14:26.852286,-298.59857599918394,1932001.2648183908,-0.002939751590934181,60.74584279519831,210.37559947898103
2025-04-30 14:14:26.852286,41.18774627772828,1930270.4817843863,-0.0008958498451951957,58.990965740139345,210.49758853310843
2025-05-01 14:14:26.852286,85.90326294189255,1938676.171627854,0.004354669422130586,60.37654103899564,210.6616343056503
2025-05-02 14:14:26.852286,-12.174946827453883,1922249.1869625524,-0.008473299927913347,-2.4271191870771314,134.8951108538662
2025-05-03 14:14:26.852286,7.913982730657857,1917674.0502458843,-0.002380095540005067,-5.656241799648387,134.24400852530167
2025-05-04 14:14:26.852286,46.28477795816128,1940295.4814000605,0.011796285792820438,-11.312618230909294,130.5270433201593
2025-05-05 14:14:26.852286,51.79934381306984,1918618.840404776,-0.011171824705607847,-11.097772729304012,130.64653321232697
2025-05-06 14:14:26.852286,104.78424576580652,1927111.8310856572,0.004426616950706785,46.528344665694625,40.69734702638829
2025-05-07 14:14:26.852286,10.556269624260537,1913018.0402881862,-0.007313426532974621,42.15241942948495,42.951661725425716
2025-05-08 14:14:26.852286,74.57424646508582,1934540.7209900613,0.011250641786228366,40.53398850422684,41.206340126071254
2025-05-09 14:14:26.852286,-12.117753496213236,1922272.0346385918,-0.0063419116580759605,40.542158980118366,41.194150887591015
2025-05-10 14:14:26.852286,114.27805854753049,1902319.9728760356,-0.01037941633807693,55.73702695395731,46.43623820995576
2025-05-11 14:14:26.852286,72.84723517603726,1923146.671908385,0.010948052551255305,59.53166369936817,46.6200326266645
2025-05-12 14:14:26.852286,86.81241390125523,1906213.1249759793,-0.008805125048315765,64.53353085482323,47.52172220528129
2025-05-13 14:14:26.852286,9.106152015792519,1930809.3806265218,0.012903203387004458,50.86523174767837,47.77412472402311
2025-05-14 14:14:26.852286,77.0898610021994,1902630.600607352,-0.014594283776488637,60.37003051595535,44.953183635071866
2025-05-15 14:14:26.852286,-5.580007044880716,1900603.076483214,-0.0010656425495788602,48.919422871674406,50.58749039890242
2025-05-16 14:14:26.852286,32.027037058797056,1905932.9530008947,0.0028043080554951416,55.22582152239016,44.03783649894806
2025-05-17 14:14:26.852286,55.5709821330563,1921999.2394511446,0.008429617854580629,46.839096320322426,35.72249193882689
2025-05-18 14:14:26.852286,81.83975056243334,1929343.9719310508,0.0038214023861964375,48.12374137552187,36.954135767935426
2025-05-19 14:14:26.852286,107.2482137175463,1921088.799106966,-0.004278746011175172,51.04314134927773,41.09517099895891
2025-05-20 14:14:26.852286,18.50935357623616,1914174.995813687,-0.0035988983416553877,52.38645585791254,39.62319037302679
2025-05-21 14:14:26.852286,-49.44163618683841,1928242.657161113,0.007349203379101832,34.310527688049994,53.05894700136198
2025-05-22 14:14:26.852286,61.5336060438604,1915690.44719793,-0.0065096630429613,43.8981867007273,50.658809595574226
2025-05-23 14:14:26.852286,-14.518432125096979,1906865.9079284938,-0.004606453658702381,37.248833960171005,55.31722133294178
2025-05-24 14:14:26.852286,-555.4142406249857,1898342.831621782,-0.004469677847442788,-50.034769290977856,229.47214680055043
2025-05-25 14:14:26.852286,-13.770735594512114,1914812.2761049005,0.008675695563929553,-63.69341017054149,223.07064606014865
2025-05-26 14:14:26.852286,182.4026756041535,1887787.781760249,-0.014113391000200037,-52.957058472454754,234.20021303854068
2025-05-27 14:14:26.852286,26.548420669382928,1901460.8323574704,0.007242896012639832,-51.80862031629092,234.6283868570529
2025-05-28 14:14:26.852286,52.28062225103835,1892838.466167092,-0.0045346009992159875,-37.27686911087995,237.92633480679012
2025-05-29 14:14:26.852286,-108.10765475163817,1901723.759361904,0.004694163476508528,-61.51133493880832,234.80345313473816
2025-05-30 14:14:26.852286,119.52562560676422,1909938.3666510559,0.004319558636585619,-42.36218383425672,244.53874535423103
2025-05-31 14:14:26.852286,67.93036007115813,1908896.1851390437,-0.000545662378540257,46.68704483662098,93.29957507255068
2025-06-01 14:14:26.852286,124.44657792330321,1908850.2176569486,-2.408066109249596e-05,66.43237533916603,92.99741885927774
2025-06-02 14:14:26.852286,154.76289287369133,1905754.7020036431,-0.0016216650340984406,62.48383494909999,87.68803840206252
2025-06-03 14:14:26.852286,109.49386961323516,1910680.4601283171,0.0025846758344583165,74.33318479822174,87.62694809013725
2025-06-04 14:14:26.852286,0.8313899755160286,1904603.8464332938,-0.0031803401049148583,66.98329447314713,91.84129817451132
2025-06-05 14:14:26.852286,-844.2620041549534,1917537.9296708023,0.00679095721754952,-38.181612584469335,358.9109672185655
2025-06-06 14:14:26.852286,61.608414922014376,1900099.8192286862,-0.0090940106958457,-46.45549982514789,355.31905157663937
2025-06-07 14:14:26.852286,94.84730011114637,1895692.3804582139,-0.0023195827534268076,-42.61022267657814,356.9053618050376
2025-06-08 14:14:26.852286,165.05186550701822,1901212.0566158884,0.00291169401458502,-36.809467307476,360.38605471846597
2025-06-09 14:14:26.852286,115.40125386533367,1906983.7414040423,0.0030357922295252138,-42.43255859438424,357.19169712692195
2025-06-10 14:14:26.852286,7.354101919815179,1902305.9616732586,-0.002452973053320151,-57.02395397915852,351.99956468267874
2025-06-11 14:14:26.852286,8.077539402210824,1910230.3152355694,0.004165656693490449,-55.98878977534497,352.20865593249334
2025-06-12 14:14:26.852286,43.03856086421583,1902002.1344240152,-0.00430742866235978,70.76843379882206,58.1171567487485
2025-06-13 14:14:26.852286,129.1339173300561,1916008.364183027,0.0073639400847747005,80.41493414282802,61.82887997146444
2025-06-14 14:14:26.852286,87.4139133874867,1920688.7387394917,0.002442773551492472,79.35302175373378,61.60311316365357
2025-06-15 14:14:26.852286,196.80307606529334,1919400.7819394255,-0.0006705702876727004,83.88890897634451,69.61305533158294
2025-06-16 14:14:26.852286,217.1202583518194,1901348.0208652418,-0.009405415087901936,98.42019533155676,85.9799602907902
2025-06-17 14:14:26.852286,30.99794062818151,1906058.2175775215,0.002477293299590899,101.7978865756091,82.18696865751173
2025-06-18 14:14:26.852286,61.91612685055612,1895190.6916276398,-0.005701570838530623,109.48911335394415,74.07333461018997
2025-06-19 14:14:26.852286,5.705488175144616,1886271.0408382737,-0.004706466124369646,104.15581725550537,80.70255055840043
2025-06-20 14:14:26.852286,82.66037927782959,1883205.1573426994,-0.0016253674202684198,97.5167403909016,80.21535283120275
2025-06-21 14:14:26.852286,94.2029835503314,1888574.603245621,0.0028512272717531317,98.48660755702227,80.1138214809656
2025-06-22 14:14:26.852286,116.41658516930715,1897722.3086978751,0.004843708814326497,87.00282314330995,68.60704694091682
2025-06-23 14:14:26.852286,112.5878294547367,1891362.9063297708,-0.0033510710913589037,72.06961901515528,41.642532030969925
2025-06-24 14:14:26.852286,77.7482365087441,1897022.450554633,0.0029923100457991403,78.74823271237851,37.50053245933195
2025-06-25 14:14:26.852286,-2.908459895279009,1880576.4229339203,-0.008669390083340556,69.4875774629735,48.685927328027766
2025-06-26 14:14:26.852286,34.52757638865038,1874877.133191341,-0.0030306078886640497,73.60501863633147,43.31529873540382
2025-06-27 14:14:26.852286,213.24526252571852,1899333.6651964379,0.01304433851804876,92.26000195745846,68.60348626391965
2025-06-28 14:14:26.852286,144.19708631036744,1912744.223247814,0.007060664641032943,99.4020166374636,71.38540572503592
2025-06-29 14:14:26.852286,58.23089929091133,1902757.0650680114,-0.005221376731095018,91.08977579769278,72.45362750288197
2025-06-30 14:14:26.852286,109.06307369500124,1882824.3628750131,-0.010475694747866138,90.5862392605877,72.29138620070064
2025-07-01 14:14:26.852286,28.58837540221478,1897276.090312495,0.00767555791312069,83.56340195965494,76.03721261655429
2025-07-02 14:14:26.852286,92.63831667887581,1904666.0345785865,0.0038950284061580742,97.21294147024848,65.8163453577631
2025-07-03 14:14:26.852286,-19.216784526290937,1896497.8367383822,-0.00428851971522215,89.53517562525688,76.59910506345841
2025-07-04 14:14:26.852286,3.3140320707385644,1896241.552606166,-0.00013513547300259,59.54499984597402,59.21509220792669
2025-07-05 14:14:26.852286,101.22455068444219,1901206.822104584,0.00261847942926563,53.40606618512756,50.57332389879563
2025-07-06 14:14:26.852286,61.05549773795213,1892581.1556357967,-0.00453694272948113,53.80958024899053,50.62947357093411
2025-07-07 14:14:26.852286,32.75517689921953,1884243.3283610323,-0.004405532227738651,42.908452135307435,44.60672364825262
2025-07-08 14:14:26.852286,38.33683255891178,1883835.1496172443,-0.0002166274056244477,44.30108887197843,44.23576572589353
2025-07-09 14:14:26.852286,17.91702327822714,1881068.6856676973,-0.0014685276204284836,33.62661838617148,39.37604792313418
2025-07-10 14:14:26.852286,926.8944653088827,1883979.2495114647,0.0015472926990618419,168.78536836262487,335.79821474323313
2025-07-11 14:14:26.852286,68.75182606872052,1882430.9992549515,-0.0008217979348311699,178.13362464805087,331.3047095271091
2025-07-12 14:14:26.852286,91.54696538474063,1883986.7427659046,0.000826454468487281,176.75111246237924,331.69909251556317
2025-07-13 14:14:26.852286,163.98194264930854,1887072.737871612,0.0016380131747513182,191.4548903068587,327.9760907710708
2025-07-14 14:14:26.852286,154.050434115056,1888433.3697632884,0.0007210277931368747,208.78278419483533,321.3309819241496
2025-07-15 14:14:26.852286,158.06427163613978,1865572.3646887601,-0.012105804441166934,225.88670406301074,313.84559266968665
2025-07-16 14:14:26.852286,-519.0574990008446,1871889.010005158,0.0033859020619935176,149.17605802314338,420.613272748032
2025-07-17 14:14:26.852286,20.434350063487013,1878356.3498503172,0.003454980402465946,19.681755845229706,243.5296824935142
2025-07-18 14:14:26.852286,83.6500720098799,1881722.808983404,0.0017922366718940985,21.81007669396676,244.0944499458175
2025-07-19 14:14:26.852286,25.198498431668632,1885527.840611392,0.0020220999659581462,12.331724272099333,242.21614884619018
2025-07-20 14:14:26.852286,177.24209789658732,1875421.399970423,-0.005360006054162425,14.22603216456773,243.64745718272647
2025-07-21 14:14:26.852286,122.59887496774579,1870016.3216992419,-0.0028820606778116042,9.732952286380558,240.91388352775195
2025-07-22 14:14:26.852286,35.96418473045439,1884689.5171791285,0.00784656011266982,-7.709917271574497,232.66324628280657
2025-07-23 14:14:26.852286,88.53187021596364,1873541.2435900106,-0.005915177798518134,79.0885640451124,57.505673388754275
2025-07-24 14:14:26.852286,111.15364902496069,1873239.446903732,-0.0001610835562394497,92.04846389675149,52.04734168551978
2025-07-25 14:14:26.852286,68.21556035561802,1878202.625315914,0.0026495162806792205,89.84353366042838,52.784146835108245
2025-07-26 14:14:26.852286,54.88431920556027,1886367.7358960665,0.0043473001635163655,94.08436519955573,47.66947044183988
2025-07-27 14:14:26.852286,86.28451683105388,1886760.5651037092,0.00020824635630023458,81.09042504733667,30.545054798164372
2025-07-28 14:14:26.852286,77.70055057093239,1882828.621460677,-0.0020839653508532008,74.67637870493476,24.490005228427705
2025-07-29 14:14:26.852286,-11.567867104266444,1879946.1724692567,-0.001530914156798846,67.88608558568892,39.190223153429656
2025-07-30 14:14:26.852286,81.90277072570139,1877143.3710017875,-0.0014908945311916666,66.93907137279432,38.685015903603365
2025-07-31 14:14:26.852286,82.86262293842074,1893555.8779267552,0.008743342239335039,62.89749621757433,34.553034218258716
2025-08-01 14:14:26.852286,80.68671622213827,1866501.6837061204,-0.014287507718154235,64.67908991279151,35.18860860103147
2025-08-02 14:14:26.852286,76.870274036757,1878655.7830453436,0.006511700174355095,67.81994060296248,35.14982666479565
2025-08-03 14:14:26.852286,159.68840282227544,1876712.8250868781,-0.0010342277579535875,78.30621003027984,49.5684757635559
2025-08-04 14:14:26.852286,165.5038719798114,1859596.2414259303,-0.009120512969348682,90.8495416601197,59.50339203858392
2025-08-05 14:14:26.852286,108.69718642822082,1864035.021437093,0.002386959014156309,108.03026359333217,38.74466489577815
2025-08-06 14:14:26.852286,172.6588008310765,1875861.8418112642,0.006344741508693907,120.99541075124289,43.44427657639018
2025-08-07 14:14:26.852286,20.387389220139262,1875891.262826789,1.5683999145865712e-05,112.07037736291696,56.91324091196687
2025-08-08 14:14:26.852286,69.07840257884125,1868902.7927347615,-0.0037254132105165594,110.41204684244596,58.13608637649393
2025-08-09 14:14:26.852286,175.44895286269468,1868986.4623386355,4.476937174002771e-05,124.49471524615134,60.54657299854403
2025-08-10 14:14:26.852286,123.59499467195711,1884921.7507451423,0.008526165773596439,119.33851408182014,58.55401208853323
2025-08-11 14:14:26.852286,112.45422292538596,1859596.867631613,-0.013435508982544198,111.7599927883308,54.90226056349351
2025-08-12 14:14:26.852286,89.31981484119288,1863706.7670856274,0.0022101023751717186,108.99179684732681,55.56691121524205
2025-08-13 14:14:26.852286,18.104729372920453,1874456.713931461,0.005768046259038817,86.91264378187596,56.74598131032833
2025-08-14 14:14:26.852286,42.87301279668123,1854597.5766040706,-0.010594609723335924,90.12487572138195,52.85560350900803
2025-08-15 14:14:26.852286,91.44113204381676,1862310.9197445603,0.004159038725055186,93.31955135923559,52.0410507288201
2025-08-16 14:14:26.852286,140.041888941725,1866526.8031380589,0.002263791372751456,88.26139937052564,43.79549005096918
2025-08-17 14:14:26.852286,89.38065808560609,1857433.2926145243,-0.004871888530208257,83.37363700104693,41.01590733912422
2025-08-18 14:14:26.852286,78.63312058260193,1892576.6633382242,0.018920394537685903,78.54205095207779,38.959830554645784
2025-08-19 14:14:26.852286,128.64214499181807,1851579.4873047501,-0.021662095294549988,84.15952668788137,43.3593076780622
2025-08-20 14:14:26.852286,21.23832849598,1871794.8510936552,0.01091790221673472,84.60718370546131,42.57271334605345
2025-08-21 14:14:26.852286,97.76994968766223,1871355.9246963086,-0.00023449492720328813,92.44960326131573,38.4612534578633
2025-08-22 14:14:26.852286,116.22666974999676,1867135.4384214259,-0.0022553092221446747,95.99039436219859,39.4803317500626
2025-08-23 14:14:26.852286,65.07122405522644,1864395.558917766,-0.0014674240803743688,85.28029937841309,35.50750518416155
2025-08-24 14:14:26.852286,81.02050160316007,1849840.6499267595,-0.007806770897617499,84.08599130949221,35.48719459099185
2025-08-25 14:14:26.852286,27.08535752596774,1889729.7582573153,0.021563537557754087,76.72202515854448,41.62488908871448
2025-08-26 14:14:26.852286,8.923825137623504,1877854.5511875828,-0.0062840768728136265,59.61940803651669,41.330353747786994
2025-08-27 14:14:26.852286,79.02977748084233,1853786.1907864127,-0.01281694601211203,67.87532932006845,38.02569825589454
2025-08-28 14:14:26.852286,31.82446962776953,1873454.3388998446,0.010609717674662456,58.45454645436949,37.55094423158754
2025-08-29 14:14:26.852286,76.28127028036648,1863220.1744761036,-0.005462724236850458,52.74806081585088,29.475035990895933
2025-08-30 14:14:26.852286,94.86319322180712,1871066.3478556275,0.00421108223655331,57.00405641107669,33.43574937046804
2025-08-31 14:14:26.852286,150.19271296024706,1855309.2263503787,-0.008421465932144878,66.88580089066055,48.53090075378935
2025-09-01 14:14:26.852286,73.94321430124796,1862654.5688944485,0.00395909341674483,73.57978042998629,45.246650383124766
2025-09-02 14:14:26.852286,101.04516020150014,1848090.318887603,-0.007819082641549513,86.73997115339725,35.695883089991284
2025-09-03 14:14:26.852286,141.70574644853195,1845938.7084942819,-0.0011642344377499336,95.69368100592432,40.91817718306907
2025-09-04 14:14:26.852286,85.85535235219261,1877393.6019686884,0.01704005302541378,103.41237853798476,30.676407469480452
2025-09-05 14:14:26.852286,75.41886915065808,1850929.1034035527,-0.014096403938622326,103.28917837659786,30.804991846492886
2025-09-06 14:14:26.852286,55.89070672894599,1857077.7047101618,0.0033218999557049766,97.72168030618911,35.712564972129506
2025-09-07 14:14:26.852286,142.4393797558512,1876405.4041924246,0.01040758791796459,96.61406127698972,33.88755774179664
2025-09-08 14:14:26.852286,207.19293631106078,1848308.7704006147,-0.014973647874299445,115.64973584982012,51.74846434811038
2025-09-09 14:14:26.852286,78.42113726277462,1845949.4538544402,-0.0012764731650670713,112.41773257285934,53.48983607648868
2025-09-10 14:14:26.852286,-59.91718703417918,1836372.569206412,-0.00518805356670593,83.61445636104347,81.8546588944713
2025-09-11 14:14:26.852286,47.78976544507572,1871872.1091018256,0.01933133858057734,78.17651537431247,82.93822957030208
2025-09-12 14:14:26.852286,101.84155827913271,1860649.4311509973,-0.005995429867381996,81.95118524980884,83.39183838946319
2025-09-13 14:14:26.852286,135.5286892009807,1854271.1651805185,-0.0034279783519097773,93.32803988867094,84.66656453251483
2025-09-14 14:14:26.852286,101.58703007861047,1859283.9307910802,0.0027033616790743675,87.49198993477941,82.08576181895431
2025-09-15 14:14:26.852286,147.57872635145438,1835051.5428612102,-0.013033183113436486,78.97567422626422,69.76489047446961
2025-09-16 14:14:26.852286,141.22689814222142,1876543.816424757,0.022610958109030577,87.9479257804709,73.61412674617948
2025-09-17 14:14:26.852286,63.25140624407064,1841155.0297530184,-0.01885849206503598,105.54343910593515,38.92910180664317
2025-09-18 14:14:26.852286,23.36679647643274,1873280.8124635539,0.017448711374861814,102.05444353898615,45.50668805589736
2025-09-19 14:14:26.852286,66.49120180679576,1842839.7864521618,-0.016250113602220173,97.0043926143666,47.454064962656425
2025-09-20 14:14:26.852286,0.642617117168804,1863857.0099238816,0.011404802319892493,77.73495374525062,55.8474426720461
2025-09-21 14:14:26.852286,74.16240215412083,1832119.2362856711,-0.017028008838245956,73.81714975603781,54.84830349977178
2025-09-22 14:14:26.852286,68.74867599959607,1851967.3168644477,0.01083340002423383,62.555713991486606,44.24778351669703
2025-09-23 14:14:26.852286,97.94197244754041,1846040.3600434866,-0.0032003571375093243,56.372153177960755,33.02164739061513
2025-09-24 14:14:26.852286,50.00752102994596,1852253.3669962005,0.003365585654133474,54.48016957594295,32.94111510033356
2025-09-25 14:14:26.852286,42.23225169484486,1845622.390576412,-0.003579951068218068,57.17523460714468,30.664388309722014
2025-09-26 14:14:26.852286,101.62231919889172,1851096.5995729985,0.0029660503819943784,62.19396566315839,35.01016689574917
2025-09-27 14:14:26.852286,123.7012331698982,1852324.0390599812,0.000663087754180891,79.77376795640544,29.39812926031589
2025-09-28 14:14:26.852286,220.53810810876848,1846318.746448436,-0.0032420313535382883,100.68458309278368,60.42595569334709
2025-09-29 14:14:26.852286,56.80391076149121,1842902.1976685834,-0.0018504653036885976,98.97818805876871,61.63468380036093
2025-09-30 14:14:26.852286,101.90538203365752,1830033.998830948,-0.006982572842940127,99.544389428214,61.64178252460094
2025-10-01 14:14:26.852286,13.794490522835627,1848395.7771154311,0.010033572215714548,94.37109935576969,67.71270121774411
2025-10-02 14:14:26.852286,116.78257758246063,1828372.8570116183,-0.010832593512553945,105.02114591114335,63.90084756440487
2025-10-03 14:14:26.852286,110.91845208216554,1852079.8762108663,0.01296618417208184,106.34916489446819,63.91503562387885
2025-10-04 14:14:26.852286,113.20797223404097,1835302.419342059,-0.009058711281465848,104.85012761791715,63.56231830285532
2025-10-05 14:14:26.852286,130.71090984064537,1828285.9293753835,-0.0038230701887216334,92.01767072247101,41.57999804695034
2025-10-06 14:14:26.852286,152.6262026318683,1836339.702610152,0.004405095015701521,105.7065695610963,43.77034958209053
2025-10-07 14:14:26.852286,72.67679251800925,1830316.321875489,-0.0032801015662305977,101.53105677314655,45.55131503925259
2025-10-08 14:14:26.852286,77.57904368762273,1838337.4203152878,0.004382356395958631,110.64313579668756,28.11973741984609
2025-10-09 14:14:26.852286,68.90204926750803,1830799.1494284903,-0.004100591547282262,103.80306032312288,31.941187953209887
2025-10-10 14:14:26.852286,157.89824571258723,1832172.9166998726,0.0007503648184516987,110.51445941318313,38.039008630148594
2025-10-11 14:14:26.852286,132.16198735216142,1833382.327852746,0.000660096621803552,113.22217585862892,38.92693031286797
2025-10-12 14:14:26.852286,37.16112467058774,1841656.6812856703,0.004513163079637117,99.85792083433496,47.118715189318685
2025-10-13 14:14:26.852286,158.76555512966144,1815406.661910791,-0.014253481466781293,100.73497119116256,48.306785616622484
2025-10-14 14:14:26.852286,110.47495710406203,1830447.4527884617,0.008285080799383948,106.1347089891701,46.73467480857622
2025-10-15 14:14:26.852286,5.963078339977869,1832508.341005413,0.0011258931327484678,95.90385679664939,59.987521183976206
2025-10-16 14:14:26.852286,66.4028586585365,1844068.3509419805,0.006308298673404655,95.54682956679632,60.18213354613936
2025-10-17 14:14:26.852286,56.30138727484994,1832410.167715602,-0.006321990841837932,81.03299264711957,54.634056227747735
2025-10-18 14:14:26.852286,127.88989434470365,1817489.1344582136,-0.008142845701402113,80.42269364605419,53.98775861624275
2025-10-19 14:14:26.852286,200.83895004548006,1837568.981491098,0.011048124939063264,103.80524012818167,66.1933727517912
2025-10-20 14:14:26.852286,87.8717587625122,1832535.2247793113,-0.0027393565969435762,93.67755493287461,61.65039217097081
2025-10-21 14:14:26.852286,69.74087809079595,1834210.879012375,0.0009143912817639599,87.85840078812232,61.72303597904887
2025-10-22 14:14:26.852286,38.75815023056374,1818054.554580228,-0.0088083243955277,92.54341105820602,55.39064984294089
2025-10-23 14:14:26.852286,20.638080636094497,1843458.7052257317,0.013973260913157537,86.00558562642858,61.36854578943261
2025-10-24 14:14:26.852286,104.94380560528717,1824001.0109043662,-0.010554993321091444,92.95450253077675,60.1870627393062
2025-10-25 14:14:26.852286,112.69801331723816,1860855.1239903811,0.02020509466041487,90.78423381256741,58.979161969756944
2025-10-26 14:14:26.852286,187.86435411947642,1841212.6289773057,-0.01055562830219392,88.93072010885261,55.01470997572215
2025-10-27 14:14:26.852286,70.76536443468689,1820240.7642925405,-0.011390245946995226,86.48694949059185,55.447820104536284
2025-10-28 14:14:26.852286,146.53864543788796,1827168.898301142,0.003806163527655171,97.45805911160498,59.06209032404732
2025-10-29 14:14:26.852286,62.68502231724423,1823782.9094851327,-0.0018531340037353239,100.87618369541647,55.69512671117312
2025-10-30 14:14:26.852286,59.279107739123056,1811757.7246913768,-0.0065935395771148375,106.39633042442058,47.76774058300033
2025-10-31 14:14:26.852286,84.99693355089649,1815040.4924891223,0.0018119242727692164,103.54677727379332,48.458791649059144
2025-11-01 14:14:26.852286,169.80897086957094,1826210.612442738,0.0061541987629691874,111.70548549555515,54.6664255105272
2025-11-02 14:14:26.852286,176.59788890654977,1831232.7154841267,0.0027500130637567732,110.09599046513706,52.1587734697259
2025-11-03 14:14:26.852286,101.04849997091098,1824452.9678950817,-0.0037022861877238356,114.42215268459763,49.543205189426104
2025-11-04 14:14:26.852286,129.03321280880547,1825077.3918192668,0.0003422526835019646,111.92137659472871,48.07184187316055
2025-11-05 14:14:26.852286,92.23357809810568,1814187.5314247815,-0.0059667937608005595,116.14259884913749,44.16648746943541
2025-11-06 14:14:26.852286,176.18502930821398,1814868.3179495013,0.00037525697477658326,132.84344478757905,41.07570397271401
2025-11-07 14:14:26.852286,54.03736938630629,1824558.6436370779,0.005339409802759043,128.4206499069233,48.14468094860673
2025-11-08 14:14:26.852286,217.04863950116226,1809699.8588420502,-0.008143769369565512,135.16917399715064,57.34485040450966
2025-11-09 14:14:26.852286,133.8250329242906,1825035.390422392,0.008474074585027802,129.05876599968502,54.3977632849069
2025-11-10 14:14:26.852286,129.3857032125337,1817992.911754448,-0.0038588175905531763,133.10693789134544,53.00238660930285
2025-11-11 14:14:26.852286,45.379438560324886,1822133.2450954407,0.002277419958143234,121.15639871299106,62.630302987643894
2025-11-12 14:14:26.852286,157.48379460296616,1815895.6587451478,-0.00342323283277024,130.47785821368544,62.463658772133265
2025-11-13 14:14:26.852286,42.1363776581355,1802972.381065765,-0.007116751239062524,111.32805083510277,66.53109278379216
2025-11-14 14:14:26.852286,141.79798932974106,1832924.4626733805,0.016612612551452743,123.86528225559347,62.05405924299174
2025-11-15 14:14:26.852286,96.3475659310348,1824644.4984498108,-0.004517351583323337,106.62227174557526,46.72093459257096
2025-11-16 14:14:26.852286,84.48577554851326,1810357.5808532983,-0.00782997324062329,99.57380640617849,45.64234615988266
2025-11-17 14:14:26.852286,103.97879705242053,1814813.554015305,0.002461377359441963,95.94424838330518,43.8516086538495
2025-11-18 14:14:26.852286,-14.301165089262177,1799224.2512903833,-0.00859002991818636,87.4184478619356,58.63191361760545
2025-11-19 14:14:26.852286,88.77054098884469,1812180.861713849,0.0072012204227311916,77.60226877420395,50.073914542204726
2025-11-20 14:14:26.852286,108.74111597552641,1801957.1541006665,-0.005641659631872242,87.11723139097408,48.5153554431668
2025-11-21 14:14:26.852286,91.65075740229125,1826469.2058414682,0.013603015856964218,79.95334111562411,42.41414187284191
2025-11-22 14:14:26.852286,107.3237956337449,1805631.0494989592,-0.011408983122115468,81.52137393029697,43.31457928098502
2025-11-23 14:14:26.852286,132.7624095910187,1811833.3271218506,0.0034349639837065737,88.4180359363692,47.505833151624124
2025-11-24 14:14:26.852286,70.92627733915667,1802446.07411026,-0.005181079777631936,83.69624740590292,47.34374725418155
2025-11-25 14:14:26.852286,95.97836551988763,1810177.0895033001,0.0042891798562441075,99.45046606435291,19.40177034558748
2025-11-26 14:14:26.852286,32.65766875623719,1798967.3524321085,-0.006192619018434042,91.43434145969468,32.03118624127694
2025-11-27 14:14:26.852286,-16.370186844601907,1814665.5259234153,0.00872621366367965,73.56129819967636,50.40197334643562
2025-11-28 14:14:26.852286,-227.1759390222561,1797031.9296959278,-0.009717270745260076,28.01462728188388,123.0422124036238
2025-11-29 14:14:26.852286,50.94402647434275,1807521.1492647452,0.00583696894611796,19.96037454482643,118.75607524927399
2025-11-30 14:14:26.852286,69.66491459195353,1809656.9863018051,0.0011816387531227157,10.946446687817119,110.90199755829606
2025-12-01 14:14:26.852286,114.23597891630178,1815560.492460495,0.0032622238376536217,17.133546913123563,115.9013260588159
2025-12-02 14:14:26.852286,-20.544400430569322,1818680.6265958915,0.001718551460198281,0.48743749162971234,110.95207364439376
2025-12-03 14:14:26.852286,88.81189179260704,1807693.3852251964,-0.006041325348728477,8.509469353968262,115.59843594493421
2025-12-04 14:14:26.852286,108.44576515967267,1819802.471157282,0.006698639288640784,26.3403196402932,120.63766806071479
2025-12-05 14:14:26.852286,59.89565455622739,1803781.736835226,-0.008803556746391106,67.35054729436227,45.46661306232875
2025-12-06 14:14:26.852286,109.48393146469633,1813663.9020919728,0.005478581501820345,75.71339086441279,47.292997170730644
2025-12-07 14:14:26.852286,109.40495693236981,1807678.539620591,-0.00330014974906756,81.39053977018655,48.80692046105268
2025-12-08 14:14:26.852286,149.14545594131982,1798818.6343939812,-0.004901261497782361,86.37760791661769,54.207168592855005
2025-12-09 14:14:26.852286,138.62790003781015,1826564.217149008,0.015424335852721738,109.11650798352905,29.745803303739038
2025-12-10 14:14:26.852286,124.85443321687698,1787816.3488071836,-0.021213526454768816,114.26544247271046,28.748046462559913
2025-12-11 14:14:26.852286,89.70959103221323,1805399.5395693737,0.009835009492961344,111.58884616878768,30.214988206742944
2025-12-12 14:14:26.852286,149.07594159928624,1807623.0489043735,0.0012315885133826754,124.32888717493894,22.637022863939862
2025-12-13 14:14:26.852286,170.1504895829789,1807851.1219791041,0.00012617291800354202,132.9955383346936,27.16639917797507
